sample_id,breed_id,species_id,source_split,split
Abyssinian_1,0,0,trainval,train
Abyssinian_10,0,0,trainval,train
Abyssinian_101,0,0,trainval,train
Abyssinian_103,0,0,trainval,train
Abyssinian_104,0,0,trainval,train
Abyssinian_105,0,0,trainval,train
Abyssinian_107,0,0,trainval,train
Abyssinian_109,0,0,trainval,train
Abyssinian_11,0,0,trainval,train
Abyssinian_110,0,0,trainval,train
Abyssinian_111,0,0,trainval,train
Abyssinian_114,0,0,trainval,train
Abyssinian_115,0,0,trainval,train
Abyssinian_116,0,0,trainval,train
Abyssinian_117,0,0,trainval,train
Abyssinian_118,0,0,trainval,train
Abyssinian_119,0,0,trainval,train
Abyssinian_12,0,0,trainval,train
Abyssinian_121,0,0,trainval,train
Abyssinian_122,0,0,trainval,train
Abyssinian_123,0,0,trainval,train
Abyssinian_124,0,0,trainval,train
Abyssinian_125,0,0,trainval,train
Abyssinian_126,0,0,trainval,train
Abyssinian_127,0,0,trainval,train
Abyssinian_129,0,0,trainval,train
Abyssinian_130,0,0,trainval,train
Abyssinian_131,0,0,trainval,train
Abyssinian_132,0,0,trainval,train
Abyssinian_133,0,0,trainval,train
Abyssinian_134,0,0,trainval,train
Abyssinian_136,0,0,trainval,train
Abyssinian_137,0,0,trainval,train
Abyssinian_138,0,0,trainval,train
Abyssinian_139,0,0,trainval,train
Abyssinian_14,0,0,trainval,train
Abyssinian_140,0,0,trainval,train
Abyssinian_141,0,0,trainval,train
Abyssinian_142,0,0,trainval,train
Abyssinian_143,0,0,trainval,train
Abyssinian_144,0,0,trainval,train
Abyssinian_145,0,0,trainval,train
Abyssinian_146,0,0,trainval,train
Abyssinian_148,0,0,trainval,train
Abyssinian_149,0,0,trainval,train
Abyssinian_15,0,0,trainval,train
Abyssinian_151,0,0,trainval,train
Abyssinian_152,0,0,trainval,train
Abyssinian_154,0,0,trainval,train
Abyssinian_155,0,0,trainval,train
Abyssinian_157,0,0,trainval,train
Abyssinian_158,0,0,trainval,train
Abyssinian_159,0,0,trainval,train
Abyssinian_16,0,0,trainval,train
Abyssinian_161,0,0,trainval,train
Abyssinian_165,0,0,trainval,train
Abyssinian_166,0,0,trainval,train
Abyssinian_167,0,0,trainval,train
Abyssinian_168,0,0,trainval,train
Abyssinian_169,0,0,trainval,train
Abyssinian_172,0,0,trainval,train
Abyssinian_173,0,0,trainval,train
Abyssinian_174,0,0,trainval,train
Abyssinian_175,0,0,trainval,train
Abyssinian_176,0,0,trainval,train
Abyssinian_177,0,0,trainval,train
Abyssinian_178,0,0,trainval,train
Abyssinian_179,0,0,trainval,train
Abyssinian_18,0,0,trainval,train
Abyssinian_180,0,0,trainval,train
Abyssinian_182,0,0,trainval,train
Abyssinian_184,0,0,trainval,train
Abyssinian_185,0,0,trainval,train
Abyssinian_19,0,0,trainval,train
Abyssinian_191,0,0,trainval,train
Abyssinian_192,0,0,trainval,train
Abyssinian_193,0,0,trainval,train
Abyssinian_195,0,0,trainval,train
Abyssinian_196,0,0,trainval,train
Abyssinian_197,0,0,trainval,train
Bengal_100,5,0,trainval,train
Bengal_101,5,0,trainval,train
Bengal_102,5,0,trainval,train
Bengal_103,5,0,trainval,train
Bengal_104,5,0,trainval,train
Bengal_105,5,0,trainval,train
Bengal_106,5,0,trainval,train
Bengal_107,5,0,trainval,train
Bengal_109,5,0,trainval,train
Bengal_11,5,0,trainval,train
Bengal_110,5,0,trainval,train
Bengal_111,5,0,trainval,train
Bengal_112,5,0,trainval,train
Bengal_113,5,0,trainval,train
Bengal_114,5,0,trainval,train
Bengal_116,5,0,trainval,train
Bengal_117,5,0,trainval,train
Bengal_118,5,0,trainval,train
Bengal_119,5,0,trainval,train
Bengal_12,5,0,trainval,train
Bengal_121,5,0,trainval,train
Bengal_124,5,0,trainval,train
Bengal_125,5,0,trainval,train
Bengal_126,5,0,trainval,train
Bengal_127,5,0,trainval,train
Bengal_129,5,0,trainval,train
Bengal_13,5,0,trainval,train
Bengal_131,5,0,trainval,train
Bengal_132,5,0,trainval,train
Bengal_133,5,0,trainval,train
Bengal_134,5,0,trainval,train
Bengal_135,5,0,trainval,train
Bengal_136,5,0,trainval,train
Bengal_137,5,0,trainval,train
Bengal_139,5,0,trainval,train
Bengal_14,5,0,trainval,train
Bengal_142,5,0,trainval,train
Bengal_143,5,0,trainval,train
Bengal_144,5,0,trainval,train
Bengal_145,5,0,trainval,train
Bengal_146,5,0,trainval,train
Bengal_147,5,0,trainval,train
Bengal_148,5,0,trainval,train
Bengal_149,5,0,trainval,train
Bengal_15,5,0,trainval,train
Bengal_151,5,0,trainval,train
Bengal_152,5,0,trainval,train
Bengal_153,5,0,trainval,train
Bengal_154,5,0,trainval,train
Bengal_156,5,0,trainval,train
Bengal_157,5,0,trainval,train
Bengal_158,5,0,trainval,train
Bengal_159,5,0,trainval,train
Bengal_16,5,0,trainval,train
Bengal_161,5,0,trainval,train
Bengal_162,5,0,trainval,train
Bengal_163,5,0,trainval,train
Bengal_164,5,0,trainval,train
Bengal_165,5,0,trainval,train
Bengal_166,5,0,trainval,train
Bengal_167,5,0,trainval,train
Bengal_168,5,0,trainval,train
Bengal_169,5,0,trainval,train
Bengal_17,5,0,trainval,train
Bengal_170,5,0,trainval,train
Bengal_172,5,0,trainval,train
Bengal_174,5,0,trainval,train
Bengal_175,5,0,trainval,train
Bengal_176,5,0,trainval,train
Bengal_177,5,0,trainval,train
Bengal_18,5,0,trainval,train
Bengal_180,5,0,trainval,train
Bengal_182,5,0,trainval,train
Bengal_183,5,0,trainval,train
Bengal_184,5,0,trainval,train
Bengal_185,5,0,trainval,train
Bengal_186,5,0,trainval,train
Bengal_187,5,0,trainval,train
Bengal_190,5,0,trainval,train
Bengal_191,5,0,trainval,train
Birman_10,6,0,trainval,train
Birman_100,6,0,trainval,train
Birman_101,6,0,trainval,train
Birman_102,6,0,trainval,train
Birman_104,6,0,trainval,train
Birman_105,6,0,trainval,train
Birman_106,6,0,trainval,train
Birman_108,6,0,trainval,train
Birman_109,6,0,trainval,train
Birman_11,6,0,trainval,train
Birman_111,6,0,trainval,train
Birman_112,6,0,trainval,train
Birman_113,6,0,trainval,train
Birman_115,6,0,trainval,train
Birman_116,6,0,trainval,train
Birman_117,6,0,trainval,train
Birman_118,6,0,trainval,train
Birman_120,6,0,trainval,train
Birman_121,6,0,trainval,train
Birman_122,6,0,trainval,train
Birman_123,6,0,trainval,train
Birman_124,6,0,trainval,train
Birman_126,6,0,trainval,train
Birman_127,6,0,trainval,train
Birman_129,6,0,trainval,train
Birman_130,6,0,trainval,train
Birman_132,6,0,trainval,train
Birman_133,6,0,trainval,train
Birman_134,6,0,trainval,train
Birman_135,6,0,trainval,train
Birman_136,6,0,trainval,train
Birman_138,6,0,trainval,train
Birman_140,6,0,trainval,train
Birman_141,6,0,trainval,train
Birman_142,6,0,trainval,train
Birman_143,6,0,trainval,train
Birman_144,6,0,trainval,train
Birman_145,6,0,trainval,train
Birman_146,6,0,trainval,train
Birman_147,6,0,trainval,train
Birman_148,6,0,trainval,train
Birman_149,6,0,trainval,train
Birman_15,6,0,trainval,train
Birman_150,6,0,trainval,train
Birman_151,6,0,trainval,train
Birman_153,6,0,trainval,train
Birman_154,6,0,trainval,train
Birman_155,6,0,trainval,train
Birman_156,6,0,trainval,train
Birman_157,6,0,trainval,train
Birman_16,6,0,trainval,train
Birman_160,6,0,trainval,train
Birman_161,6,0,trainval,train
Birman_162,6,0,trainval,train
Birman_163,6,0,trainval,train
Birman_164,6,0,trainval,train
Birman_166,6,0,trainval,train
Birman_167,6,0,trainval,train
Birman_168,6,0,trainval,train
Birman_169,6,0,trainval,train
Birman_170,6,0,trainval,train
Birman_171,6,0,trainval,train
Birman_172,6,0,trainval,train
Birman_173,6,0,trainval,train
Birman_174,6,0,trainval,train
Birman_175,6,0,trainval,train
Birman_176,6,0,trainval,train
Birman_177,6,0,trainval,train
Birman_178,6,0,trainval,train
Birman_179,6,0,trainval,train
Birman_18,6,0,trainval,train
Birman_180,6,0,trainval,train
Birman_181,6,0,trainval,train
Birman_182,6,0,trainval,train
Birman_183,6,0,trainval,train
Birman_184,6,0,trainval,train
Birman_185,6,0,trainval,train
Birman_187,6,0,trainval,train
Birman_188,6,0,trainval,train
Birman_190,6,0,trainval,train
Bombay_1,7,0,trainval,train
Bombay_100,7,0,trainval,train
Bombay_102,7,0,trainval,train
Bombay_103,7,0,trainval,train
Bombay_104,7,0,trainval,train
Bombay_105,7,0,trainval,train
Bombay_107,7,0,trainval,train
Bombay_108,7,0,trainval,train
Bombay_109,7,0,trainval,train
Bombay_110,7,0,trainval,train
Bombay_111,7,0,trainval,train
Bombay_112,7,0,trainval,train
Bombay_114,7,0,trainval,train
Bombay_115,7,0,trainval,train
Bombay_117,7,0,trainval,train
Bombay_118,7,0,trainval,train
Bombay_119,7,0,trainval,train
Bombay_12,7,0,trainval,train
Bombay_120,7,0,trainval,train
Bombay_121,7,0,trainval,train
Bombay_123,7,0,trainval,train
Bombay_125,7,0,trainval,train
Bombay_126,7,0,trainval,train
Bombay_127,7,0,trainval,train
Bombay_128,7,0,trainval,train
Bombay_129,7,0,trainval,train
Bombay_13,7,0,trainval,train
Bombay_130,7,0,trainval,train
Bombay_131,7,0,trainval,train
Bombay_132,7,0,trainval,train
Bombay_133,7,0,trainval,train
Bombay_135,7,0,trainval,train
Bombay_137,7,0,trainval,train
Bombay_14,7,0,trainval,train
Bombay_140,7,0,trainval,train
Bombay_141,7,0,trainval,train
Bombay_143,7,0,trainval,train
Bombay_144,7,0,trainval,train
Bombay_145,7,0,trainval,train
Bombay_148,7,0,trainval,train
Bombay_150,7,0,trainval,train
Bombay_152,7,0,trainval,train
Bombay_153,7,0,trainval,train
Bombay_155,7,0,trainval,train
Bombay_156,7,0,trainval,train
Bombay_157,7,0,trainval,train
Bombay_158,7,0,trainval,train
Bombay_159,7,0,trainval,train
Bombay_16,7,0,trainval,train
Bombay_160,7,0,trainval,train
Bombay_161,7,0,trainval,train
Bombay_162,7,0,trainval,train
Bombay_163,7,0,trainval,train
Bombay_164,7,0,trainval,train
Bombay_166,7,0,trainval,train
Bombay_167,7,0,trainval,train
Bombay_168,7,0,trainval,train
Bombay_169,7,0,trainval,train
Bombay_170,7,0,trainval,train
Bombay_171,7,0,trainval,train
Bombay_172,7,0,trainval,train
Bombay_173,7,0,trainval,train
Bombay_174,7,0,trainval,train
Bombay_175,7,0,trainval,train
Bombay_176,7,0,trainval,train
Bombay_18,7,0,trainval,train
Bombay_180,7,0,trainval,train
Bombay_181,7,0,trainval,train
Bombay_182,7,0,trainval,train
Bombay_183,7,0,trainval,train
Bombay_185,7,0,trainval,train
Bombay_186,7,0,trainval,train
Bombay_188,7,0,trainval,train
Bombay_191,7,0,trainval,train
Bombay_193,7,0,trainval,train
Bombay_194,7,0,trainval,train
Bombay_198,7,0,trainval,train
British_Shorthair_10,9,0,trainval,train
British_Shorthair_100,9,0,trainval,train
British_Shorthair_101,9,0,trainval,train
British_Shorthair_102,9,0,trainval,train
British_Shorthair_103,9,0,trainval,train
British_Shorthair_104,9,0,trainval,train
British_Shorthair_105,9,0,trainval,train
British_Shorthair_106,9,0,trainval,train
British_Shorthair_107,9,0,trainval,train
British_Shorthair_109,9,0,trainval,train
British_Shorthair_110,9,0,trainval,train
British_Shorthair_111,9,0,trainval,train
British_Shorthair_113,9,0,trainval,train
British_Shorthair_114,9,0,trainval,train
British_Shorthair_115,9,0,trainval,train
British_Shorthair_116,9,0,trainval,train
British_Shorthair_118,9,0,trainval,train
British_Shorthair_119,9,0,trainval,train
British_Shorthair_120,9,0,trainval,train
British_Shorthair_121,9,0,trainval,train
British_Shorthair_122,9,0,trainval,train
British_Shorthair_124,9,0,trainval,train
British_Shorthair_127,9,0,trainval,train
British_Shorthair_128,9,0,trainval,train
British_Shorthair_129,9,0,trainval,train
British_Shorthair_130,9,0,trainval,train
British_Shorthair_134,9,0,trainval,train
British_Shorthair_135,9,0,trainval,train
British_Shorthair_136,9,0,trainval,train
British_Shorthair_137,9,0,trainval,train
British_Shorthair_139,9,0,trainval,train
British_Shorthair_140,9,0,trainval,train
British_Shorthair_144,9,0,trainval,train
British_Shorthair_145,9,0,trainval,train
British_Shorthair_148,9,0,trainval,train
British_Shorthair_149,9,0,trainval,train
British_Shorthair_15,9,0,trainval,train
British_Shorthair_151,9,0,trainval,train
British_Shorthair_154,9,0,trainval,train
British_Shorthair_155,9,0,trainval,train
British_Shorthair_156,9,0,trainval,train
British_Shorthair_157,9,0,trainval,train
British_Shorthair_158,9,0,trainval,train
British_Shorthair_159,9,0,trainval,train
British_Shorthair_16,9,0,trainval,train
British_Shorthair_161,9,0,trainval,train
British_Shorthair_162,9,0,trainval,train
British_Shorthair_163,9,0,trainval,train
British_Shorthair_167,9,0,trainval,train
British_Shorthair_17,9,0,trainval,train
British_Shorthair_170,9,0,trainval,train
British_Shorthair_172,9,0,trainval,train
British_Shorthair_173,9,0,trainval,train
British_Shorthair_174,9,0,trainval,train
British_Shorthair_175,9,0,trainval,train
British_Shorthair_176,9,0,trainval,train
British_Shorthair_177,9,0,trainval,train
British_Shorthair_178,9,0,trainval,train
British_Shorthair_179,9,0,trainval,train
British_Shorthair_181,9,0,trainval,train
British_Shorthair_182,9,0,trainval,train
British_Shorthair_184,9,0,trainval,train
British_Shorthair_185,9,0,trainval,train
British_Shorthair_186,9,0,trainval,train
British_Shorthair_187,9,0,trainval,train
British_Shorthair_188,9,0,trainval,train
British_Shorthair_189,9,0,trainval,train
British_Shorthair_190,9,0,trainval,train
British_Shorthair_193,9,0,trainval,train
British_Shorthair_195,9,0,trainval,train
British_Shorthair_197,9,0,trainval,train
British_Shorthair_198,9,0,trainval,train
British_Shorthair_199,9,0,trainval,train
British_Shorthair_200,9,0,trainval,train
British_Shorthair_201,9,0,trainval,train
British_Shorthair_203,9,0,trainval,train
British_Shorthair_204,9,0,trainval,train
British_Shorthair_207,9,0,trainval,train
British_Shorthair_209,9,0,trainval,train
British_Shorthair_210,9,0,trainval,train
Egyptian_Mau_10,11,0,trainval,train
Egyptian_Mau_101,11,0,trainval,train
Egyptian_Mau_102,11,0,trainval,train
Egyptian_Mau_103,11,0,trainval,train
Egyptian_Mau_104,11,0,trainval,train
Egyptian_Mau_105,11,0,trainval,train
Egyptian_Mau_106,11,0,trainval,train
Egyptian_Mau_107,11,0,trainval,train
Egyptian_Mau_110,11,0,trainval,train
Egyptian_Mau_111,11,0,trainval,train
Egyptian_Mau_112,11,0,trainval,train
Egyptian_Mau_114,11,0,trainval,train
Egyptian_Mau_116,11,0,trainval,train
Egyptian_Mau_117,11,0,trainval,train
Egyptian_Mau_118,11,0,trainval,train
Egyptian_Mau_119,11,0,trainval,train
Egyptian_Mau_12,11,0,trainval,train
Egyptian_Mau_120,11,0,trainval,train
Egyptian_Mau_121,11,0,trainval,train
Egyptian_Mau_122,11,0,trainval,train
Egyptian_Mau_123,11,0,trainval,train
Egyptian_Mau_124,11,0,trainval,train
Egyptian_Mau_125,11,0,trainval,train
Egyptian_Mau_126,11,0,trainval,train
Egyptian_Mau_127,11,0,trainval,train
Egyptian_Mau_128,11,0,trainval,train
Egyptian_Mau_13,11,0,trainval,train
Egyptian_Mau_130,11,0,trainval,train
Egyptian_Mau_131,11,0,trainval,train
Egyptian_Mau_132,11,0,trainval,train
Egyptian_Mau_134,11,0,trainval,train
Egyptian_Mau_136,11,0,trainval,train
Egyptian_Mau_138,11,0,trainval,train
Egyptian_Mau_141,11,0,trainval,train
Egyptian_Mau_142,11,0,trainval,train
Egyptian_Mau_143,11,0,trainval,train
Egyptian_Mau_146,11,0,trainval,train
Egyptian_Mau_147,11,0,trainval,train
Egyptian_Mau_148,11,0,trainval,train
Egyptian_Mau_149,11,0,trainval,train
Egyptian_Mau_15,11,0,trainval,train
Egyptian_Mau_150,11,0,trainval,train
Egyptian_Mau_151,11,0,trainval,train
Egyptian_Mau_152,11,0,trainval,train
Egyptian_Mau_154,11,0,trainval,train
Egyptian_Mau_155,11,0,trainval,train
Egyptian_Mau_156,11,0,trainval,train
Egyptian_Mau_157,11,0,trainval,train
Egyptian_Mau_161,11,0,trainval,train
Egyptian_Mau_162,11,0,trainval,train
Egyptian_Mau_163,11,0,trainval,train
Egyptian_Mau_164,11,0,trainval,train
Egyptian_Mau_165,11,0,trainval,train
Egyptian_Mau_168,11,0,trainval,train
Egyptian_Mau_170,11,0,trainval,train
Egyptian_Mau_171,11,0,trainval,train
Egyptian_Mau_172,11,0,trainval,train
Egyptian_Mau_173,11,0,trainval,train
Egyptian_Mau_175,11,0,trainval,train
Egyptian_Mau_178,11,0,trainval,train
Egyptian_Mau_179,11,0,trainval,train
Egyptian_Mau_18,11,0,trainval,train
Egyptian_Mau_181,11,0,trainval,train
Egyptian_Mau_184,11,0,trainval,train
Egyptian_Mau_185,11,0,trainval,train
Egyptian_Mau_186,11,0,trainval,train
Egyptian_Mau_188,11,0,trainval,train
Egyptian_Mau_189,11,0,trainval,train
Egyptian_Mau_192,11,0,trainval,train
Egyptian_Mau_193,11,0,trainval,train
Egyptian_Mau_194,11,0,trainval,train
Egyptian_Mau_195,11,0,trainval,train
Egyptian_Mau_196,11,0,trainval,train
Egyptian_Mau_197,11,0,trainval,train
Maine_Coon_10,20,0,trainval,train
Maine_Coon_100,20,0,trainval,train
Maine_Coon_101,20,0,trainval,train
Maine_Coon_102,20,0,trainval,train
Maine_Coon_103,20,0,trainval,train
Maine_Coon_104,20,0,trainval,train
Maine_Coon_106,20,0,trainval,train
Maine_Coon_107,20,0,trainval,train
Maine_Coon_108,20,0,trainval,train
Maine_Coon_110,20,0,trainval,train
Maine_Coon_112,20,0,trainval,train
Maine_Coon_115,20,0,trainval,train
Maine_Coon_116,20,0,trainval,train
Maine_Coon_117,20,0,trainval,train
Maine_Coon_119,20,0,trainval,train
Maine_Coon_121,20,0,trainval,train
Maine_Coon_124,20,0,trainval,train
Maine_Coon_126,20,0,trainval,train
Maine_Coon_127,20,0,trainval,train
Maine_Coon_128,20,0,trainval,train
Maine_Coon_129,20,0,trainval,train
Maine_Coon_131,20,0,trainval,train
Maine_Coon_133,20,0,trainval,train
Maine_Coon_134,20,0,trainval,train
Maine_Coon_135,20,0,trainval,train
Maine_Coon_136,20,0,trainval,train
Maine_Coon_137,20,0,trainval,train
Maine_Coon_138,20,0,trainval,train
Maine_Coon_139,20,0,trainval,train
Maine_Coon_14,20,0,trainval,train
Maine_Coon_140,20,0,trainval,train
Maine_Coon_143,20,0,trainval,train
Maine_Coon_144,20,0,trainval,train
Maine_Coon_145,20,0,trainval,train
Maine_Coon_146,20,0,trainval,train
Maine_Coon_147,20,0,trainval,train
Maine_Coon_148,20,0,trainval,train
Maine_Coon_149,20,0,trainval,train
Maine_Coon_150,20,0,trainval,train
Maine_Coon_151,20,0,trainval,train
Maine_Coon_152,20,0,trainval,train
Maine_Coon_154,20,0,trainval,train
Maine_Coon_155,20,0,trainval,train
Maine_Coon_157,20,0,trainval,train
Maine_Coon_158,20,0,trainval,train
Maine_Coon_16,20,0,trainval,train
Maine_Coon_160,20,0,trainval,train
Maine_Coon_161,20,0,trainval,train
Maine_Coon_162,20,0,trainval,train
Maine_Coon_164,20,0,trainval,train
Maine_Coon_167,20,0,trainval,train
Maine_Coon_168,20,0,trainval,train
Maine_Coon_169,20,0,trainval,train
Maine_Coon_170,20,0,trainval,train
Maine_Coon_171,20,0,trainval,train
Maine_Coon_173,20,0,trainval,train
Maine_Coon_174,20,0,trainval,train
Maine_Coon_176,20,0,trainval,train
Maine_Coon_18,20,0,trainval,train
Maine_Coon_184,20,0,trainval,train
Maine_Coon_186,20,0,trainval,train
Maine_Coon_187,20,0,trainval,train
Maine_Coon_19,20,0,trainval,train
Maine_Coon_191,20,0,trainval,train
Maine_Coon_192,20,0,trainval,train
Maine_Coon_193,20,0,trainval,train
Maine_Coon_194,20,0,trainval,train
Maine_Coon_195,20,0,trainval,train
Maine_Coon_196,20,0,trainval,train
Maine_Coon_197,20,0,trainval,train
Maine_Coon_201,20,0,trainval,train
Maine_Coon_203,20,0,trainval,train
Maine_Coon_204,20,0,trainval,train
Maine_Coon_205,20,0,trainval,train
Maine_Coon_207,20,0,trainval,train
Maine_Coon_208,20,0,trainval,train
Maine_Coon_211,20,0,trainval,train
Maine_Coon_213,20,0,trainval,train
Maine_Coon_217,20,0,trainval,train
Maine_Coon_219,20,0,trainval,train
Persian_1,23,0,trainval,train
Persian_10,23,0,trainval,train
Persian_100,23,0,trainval,train
Persian_101,23,0,trainval,train
Persian_102,23,0,trainval,train
Persian_103,23,0,trainval,train
Persian_104,23,0,trainval,train
Persian_106,23,0,trainval,train
Persian_107,23,0,trainval,train
Persian_11,23,0,trainval,train
Persian_111,23,0,trainval,train
Persian_112,23,0,trainval,train
Persian_114,23,0,trainval,train
Persian_115,23,0,trainval,train
Persian_116,23,0,trainval,train
Persian_117,23,0,trainval,train
Persian_12,23,0,trainval,train
Persian_120,23,0,trainval,train
Persian_121,23,0,trainval,train
Persian_122,23,0,trainval,train
Persian_123,23,0,trainval,train
Persian_125,23,0,trainval,train
Persian_126,23,0,trainval,train
Persian_128,23,0,trainval,train
Persian_129,23,0,trainval,train
Persian_13,23,0,trainval,train
Persian_131,23,0,trainval,train
Persian_132,23,0,trainval,train
Persian_133,23,0,trainval,train
Persian_134,23,0,trainval,train
Persian_135,23,0,trainval,train
Persian_136,23,0,trainval,train
Persian_137,23,0,trainval,train
Persian_14,23,0,trainval,train
Persian_140,23,0,trainval,train
Persian_144,23,0,trainval,train
Persian_145,23,0,trainval,train
Persian_147,23,0,trainval,train
Persian_149,23,0,trainval,train
Persian_150,23,0,trainval,train
Persian_153,23,0,trainval,train
Persian_155,23,0,trainval,train
Persian_156,23,0,trainval,train
Persian_158,23,0,trainval,train
Persian_16,23,0,trainval,train
Persian_160,23,0,trainval,train
Persian_161,23,0,trainval,train
Persian_162,23,0,trainval,train
Persian_163,23,0,trainval,train
Persian_164,23,0,trainval,train
Persian_165,23,0,trainval,train
Persian_168,23,0,trainval,train
Persian_17,23,0,trainval,train
Persian_170,23,0,trainval,train
Persian_171,23,0,trainval,train
Persian_172,23,0,trainval,train
Persian_173,23,0,trainval,train
Persian_175,23,0,trainval,train
Persian_176,23,0,trainval,train
Persian_179,23,0,trainval,train
Persian_18,23,0,trainval,train
Persian_180,23,0,trainval,train
Persian_181,23,0,trainval,train
Persian_182,23,0,trainval,train
Persian_183,23,0,trainval,train
Persian_184,23,0,trainval,train
Persian_185,23,0,trainval,train
Persian_186,23,0,trainval,train
Persian_187,23,0,trainval,train
Persian_188,23,0,trainval,train
Persian_19,23,0,trainval,train
Persian_191,23,0,trainval,train
Persian_194,23,0,trainval,train
Persian_195,23,0,trainval,train
Persian_20,23,0,trainval,train
Persian_200,23,0,trainval,train
Persian_202,23,0,trainval,train
Persian_206,23,0,trainval,train
Persian_213,23,0,trainval,train
Persian_217,23,0,trainval,train
Ragdoll_1,26,0,trainval,train
Ragdoll_10,26,0,trainval,train
Ragdoll_100,26,0,trainval,train
Ragdoll_101,26,0,trainval,train
Ragdoll_103,26,0,trainval,train
Ragdoll_104,26,0,trainval,train
Ragdoll_105,26,0,trainval,train
Ragdoll_106,26,0,trainval,train
Ragdoll_107,26,0,trainval,train
Ragdoll_110,26,0,trainval,train
Ragdoll_112,26,0,trainval,train
Ragdoll_113,26,0,trainval,train
Ragdoll_115,26,0,trainval,train
Ragdoll_117,26,0,trainval,train
Ragdoll_118,26,0,trainval,train
Ragdoll_119,26,0,trainval,train
Ragdoll_121,26,0,trainval,train
Ragdoll_124,26,0,trainval,train
Ragdoll_125,26,0,trainval,train
Ragdoll_126,26,0,trainval,train
Ragdoll_127,26,0,trainval,train
Ragdoll_128,26,0,trainval,train
Ragdoll_129,26,0,trainval,train
Ragdoll_13,26,0,trainval,train
Ragdoll_130,26,0,trainval,train
Ragdoll_131,26,0,trainval,train
Ragdoll_132,26,0,trainval,train
Ragdoll_134,26,0,trainval,train
Ragdoll_135,26,0,trainval,train
Ragdoll_136,26,0,trainval,train
Ragdoll_137,26,0,trainval,train
Ragdoll_138,26,0,trainval,train
Ragdoll_139,26,0,trainval,train
Ragdoll_142,26,0,trainval,train
Ragdoll_143,26,0,trainval,train
Ragdoll_146,26,0,trainval,train
Ragdoll_147,26,0,trainval,train
Ragdoll_148,26,0,trainval,train
Ragdoll_149,26,0,trainval,train
Ragdoll_150,26,0,trainval,train
Ragdoll_151,26,0,trainval,train
Ragdoll_152,26,0,trainval,train
Ragdoll_153,26,0,trainval,train
Ragdoll_155,26,0,trainval,train
Ragdoll_156,26,0,trainval,train
Ragdoll_158,26,0,trainval,train
Ragdoll_159,26,0,trainval,train
Ragdoll_16,26,0,trainval,train
Ragdoll_160,26,0,trainval,train
Ragdoll_161,26,0,trainval,train
Ragdoll_163,26,0,trainval,train
Ragdoll_168,26,0,trainval,train
Ragdoll_170,26,0,trainval,train
Ragdoll_171,26,0,trainval,train
Ragdoll_172,26,0,trainval,train
Ragdoll_173,26,0,trainval,train
Ragdoll_174,26,0,trainval,train
Ragdoll_176,26,0,trainval,train
Ragdoll_177,26,0,trainval,train
Ragdoll_178,26,0,trainval,train
Ragdoll_179,26,0,trainval,train
Ragdoll_18,26,0,trainval,train
Ragdoll_180,26,0,trainval,train
Ragdoll_181,26,0,trainval,train
Ragdoll_182,26,0,trainval,train
Ragdoll_183,26,0,trainval,train
Ragdoll_185,26,0,trainval,train
Ragdoll_186,26,0,trainval,train
Ragdoll_188,26,0,trainval,train
Ragdoll_189,26,0,trainval,train
Ragdoll_190,26,0,trainval,train
Ragdoll_192,26,0,trainval,train
Ragdoll_193,26,0,trainval,train
Ragdoll_194,26,0,trainval,train
Ragdoll_196,26,0,trainval,train
Ragdoll_197,26,0,trainval,train
Ragdoll_198,26,0,trainval,train
Ragdoll_199,26,0,trainval,train
Ragdoll_201,26,0,trainval,train
Ragdoll_202,26,0,trainval,train
Russian_Blue_1,27,0,trainval,train
Russian_Blue_100,27,0,trainval,train
Russian_Blue_101,27,0,trainval,train
Russian_Blue_103,27,0,trainval,train
Russian_Blue_104,27,0,trainval,train
Russian_Blue_107,27,0,trainval,train
Russian_Blue_108,27,0,trainval,train
Russian_Blue_109,27,0,trainval,train
Russian_Blue_110,27,0,trainval,train
Russian_Blue_111,27,0,trainval,train
Russian_Blue_112,27,0,trainval,train
Russian_Blue_114,27,0,trainval,train
Russian_Blue_116,27,0,trainval,train
Russian_Blue_117,27,0,trainval,train
Russian_Blue_119,27,0,trainval,train
Russian_Blue_12,27,0,trainval,train
Russian_Blue_120,27,0,trainval,train
Russian_Blue_122,27,0,trainval,train
Russian_Blue_123,27,0,trainval,train
Russian_Blue_129,27,0,trainval,train
Russian_Blue_13,27,0,trainval,train
Russian_Blue_130,27,0,trainval,train
Russian_Blue_131,27,0,trainval,train
Russian_Blue_132,27,0,trainval,train
Russian_Blue_133,27,0,trainval,train
Russian_Blue_136,27,0,trainval,train
Russian_Blue_137,27,0,trainval,train
Russian_Blue_139,27,0,trainval,train
Russian_Blue_14,27,0,trainval,train
Russian_Blue_140,27,0,trainval,train
Russian_Blue_142,27,0,trainval,train
Russian_Blue_143,27,0,trainval,train
Russian_Blue_145,27,0,trainval,train
Russian_Blue_146,27,0,trainval,train
Russian_Blue_147,27,0,trainval,train
Russian_Blue_148,27,0,trainval,train
Russian_Blue_149,27,0,trainval,train
Russian_Blue_150,27,0,trainval,train
Russian_Blue_151,27,0,trainval,train
Russian_Blue_152,27,0,trainval,train
Russian_Blue_153,27,0,trainval,train
Russian_Blue_154,27,0,trainval,train
Russian_Blue_155,27,0,trainval,train
Russian_Blue_156,27,0,trainval,train
Russian_Blue_157,27,0,trainval,train
Russian_Blue_158,27,0,trainval,train
Russian_Blue_159,27,0,trainval,train
Russian_Blue_16,27,0,trainval,train
Russian_Blue_160,27,0,trainval,train
Russian_Blue_161,27,0,trainval,train
Russian_Blue_162,27,0,trainval,train
Russian_Blue_164,27,0,trainval,train
Russian_Blue_165,27,0,trainval,train
Russian_Blue_166,27,0,trainval,train
Russian_Blue_168,27,0,trainval,train
Russian_Blue_170,27,0,trainval,train
Russian_Blue_171,27,0,trainval,train
Russian_Blue_172,27,0,trainval,train
Russian_Blue_173,27,0,trainval,train
Russian_Blue_174,27,0,trainval,train
Russian_Blue_175,27,0,trainval,train
Russian_Blue_176,27,0,trainval,train
Russian_Blue_179,27,0,trainval,train
Russian_Blue_18,27,0,trainval,train
Russian_Blue_180,27,0,trainval,train
Russian_Blue_181,27,0,trainval,train
Russian_Blue_183,27,0,trainval,train
Russian_Blue_185,27,0,trainval,train
Russian_Blue_186,27,0,trainval,train
Russian_Blue_187,27,0,trainval,train
Russian_Blue_188,27,0,trainval,train
Russian_Blue_19,27,0,trainval,train
Russian_Blue_191,27,0,trainval,train
Russian_Blue_192,27,0,trainval,train
Russian_Blue_193,27,0,trainval,train
Russian_Blue_194,27,0,trainval,train
Russian_Blue_195,27,0,trainval,train
Russian_Blue_197,27,0,trainval,train
Russian_Blue_198,27,0,trainval,train
Russian_Blue_200,27,0,trainval,train
Siamese_101,32,0,trainval,train
Siamese_103,32,0,trainval,train
Siamese_104,32,0,trainval,train
Siamese_106,32,0,trainval,train
Siamese_108,32,0,trainval,train
Siamese_110,32,0,trainval,train
Siamese_111,32,0,trainval,train
Siamese_112,32,0,trainval,train
Siamese_113,32,0,trainval,train
Siamese_114,32,0,trainval,train
Siamese_115,32,0,trainval,train
Siamese_116,32,0,trainval,train
Siamese_117,32,0,trainval,train
Siamese_119,32,0,trainval,train
Siamese_122,32,0,trainval,train
Siamese_125,32,0,trainval,train
Siamese_126,32,0,trainval,train
Siamese_127,32,0,trainval,train
Siamese_129,32,0,trainval,train
Siamese_130,32,0,trainval,train
Siamese_131,32,0,trainval,train
Siamese_133,32,0,trainval,train
Siamese_135,32,0,trainval,train
Siamese_136,32,0,trainval,train
Siamese_137,32,0,trainval,train
Siamese_138,32,0,trainval,train
Siamese_139,32,0,trainval,train
Siamese_14,32,0,trainval,train
Siamese_142,32,0,trainval,train
Siamese_143,32,0,trainval,train
Siamese_145,32,0,trainval,train
Siamese_147,32,0,trainval,train
Siamese_148,32,0,trainval,train
Siamese_149,32,0,trainval,train
Siamese_150,32,0,trainval,train
Siamese_151,32,0,trainval,train
Siamese_153,32,0,trainval,train
Siamese_154,32,0,trainval,train
Siamese_155,32,0,trainval,train
Siamese_156,32,0,trainval,train
Siamese_157,32,0,trainval,train
Siamese_158,32,0,trainval,train
Siamese_159,32,0,trainval,train
Siamese_160,32,0,trainval,train
Siamese_161,32,0,trainval,train
Siamese_162,32,0,trainval,train
Siamese_163,32,0,trainval,train
Siamese_164,32,0,trainval,train
Siamese_167,32,0,trainval,train
Siamese_168,32,0,trainval,train
Siamese_169,32,0,trainval,train
Siamese_17,32,0,trainval,train
Siamese_170,32,0,trainval,train
Siamese_171,32,0,trainval,train
Siamese_173,32,0,trainval,train
Siamese_178,32,0,trainval,train
Siamese_179,32,0,trainval,train
Siamese_18,32,0,trainval,train
Siamese_180,32,0,trainval,train
Siamese_182,32,0,trainval,train
Siamese_183,32,0,trainval,train
Siamese_184,32,0,trainval,train
Siamese_185,32,0,trainval,train
Siamese_186,32,0,trainval,train
Siamese_188,32,0,trainval,train
Siamese_189,32,0,trainval,train
Siamese_191,32,0,trainval,train
Siamese_194,32,0,trainval,train
Siamese_195,32,0,trainval,train
Siamese_196,32,0,trainval,train
Siamese_198,32,0,trainval,train
Siamese_199,32,0,trainval,train
Siamese_200,32,0,trainval,train
Siamese_201,32,0,trainval,train
Siamese_202,32,0,trainval,train
Siamese_204,32,0,trainval,train
Siamese_205,32,0,trainval,train
Siamese_206,32,0,trainval,train
Siamese_208,32,0,trainval,train
Sphynx_1,33,0,trainval,train
Sphynx_102,33,0,trainval,train
Sphynx_103,33,0,trainval,train
Sphynx_105,33,0,trainval,train
Sphynx_107,33,0,trainval,train
Sphynx_108,33,0,trainval,train
Sphynx_11,33,0,trainval,train
Sphynx_110,33,0,trainval,train
Sphynx_112,33,0,trainval,train
Sphynx_114,33,0,trainval,train
Sphynx_115,33,0,trainval,train
Sphynx_116,33,0,trainval,train
Sphynx_119,33,0,trainval,train
Sphynx_121,33,0,trainval,train
Sphynx_122,33,0,trainval,train
Sphynx_124,33,0,trainval,train
Sphynx_125,33,0,trainval,train
Sphynx_127,33,0,trainval,train
Sphynx_128,33,0,trainval,train
Sphynx_129,33,0,trainval,train
Sphynx_130,33,0,trainval,train
Sphynx_131,33,0,trainval,train
Sphynx_133,33,0,trainval,train
Sphynx_134,33,0,trainval,train
Sphynx_136,33,0,trainval,train
Sphynx_137,33,0,trainval,train
Sphynx_138,33,0,trainval,train
Sphynx_139,33,0,trainval,train
Sphynx_14,33,0,trainval,train
Sphynx_141,33,0,trainval,train
Sphynx_142,33,0,trainval,train
Sphynx_143,33,0,trainval,train
Sphynx_144,33,0,trainval,train
Sphynx_145,33,0,trainval,train
Sphynx_146,33,0,trainval,train
Sphynx_148,33,0,trainval,train
Sphynx_150,33,0,trainval,train
Sphynx_151,33,0,trainval,train
Sphynx_152,33,0,trainval,train
Sphynx_157,33,0,trainval,train
Sphynx_158,33,0,trainval,train
Sphynx_159,33,0,trainval,train
Sphynx_160,33,0,trainval,train
Sphynx_162,33,0,trainval,train
Sphynx_165,33,0,trainval,train
Sphynx_166,33,0,trainval,train
Sphynx_168,33,0,trainval,train
Sphynx_169,33,0,trainval,train
Sphynx_17,33,0,trainval,train
Sphynx_170,33,0,trainval,train
Sphynx_172,33,0,trainval,train
Sphynx_174,33,0,trainval,train
Sphynx_175,33,0,trainval,train
Sphynx_176,33,0,trainval,train
Sphynx_177,33,0,trainval,train
Sphynx_179,33,0,trainval,train
Sphynx_18,33,0,trainval,train
Sphynx_180,33,0,trainval,train
Sphynx_181,33,0,trainval,train
Sphynx_182,33,0,trainval,train
Sphynx_184,33,0,trainval,train
Sphynx_186,33,0,trainval,train
Sphynx_187,33,0,trainval,train
Sphynx_188,33,0,trainval,train
Sphynx_19,33,0,trainval,train
Sphynx_190,33,0,trainval,train
Sphynx_191,33,0,trainval,train
Sphynx_193,33,0,trainval,train
Sphynx_194,33,0,trainval,train
Sphynx_195,33,0,trainval,train
Sphynx_196,33,0,trainval,train
Sphynx_197,33,0,trainval,train
Sphynx_198,33,0,trainval,train
Sphynx_199,33,0,trainval,train
Sphynx_200,33,0,trainval,train
Sphynx_201,33,0,trainval,train
Sphynx_202,33,0,trainval,train
Sphynx_203,33,0,trainval,train
Sphynx_204,33,0,trainval,train
Sphynx_205,33,0,trainval,train
american_bulldog_10,1,1,trainval,train
american_bulldog_100,1,1,trainval,train
american_bulldog_101,1,1,trainval,train
american_bulldog_102,1,1,trainval,train
american_bulldog_103,1,1,trainval,train
american_bulldog_104,1,1,trainval,train
american_bulldog_106,1,1,trainval,train
american_bulldog_107,1,1,trainval,train
american_bulldog_108,1,1,trainval,train
american_bulldog_11,1,1,trainval,train
american_bulldog_110,1,1,trainval,train
american_bulldog_111,1,1,trainval,train
american_bulldog_112,1,1,trainval,train
american_bulldog_113,1,1,trainval,train
american_bulldog_114,1,1,trainval,train
american_bulldog_115,1,1,trainval,train
american_bulldog_117,1,1,trainval,train
american_bulldog_118,1,1,trainval,train
american_bulldog_119,1,1,trainval,train
american_bulldog_12,1,1,trainval,train
american_bulldog_120,1,1,trainval,train
american_bulldog_121,1,1,trainval,train
american_bulldog_123,1,1,trainval,train
american_bulldog_124,1,1,trainval,train
american_bulldog_126,1,1,trainval,train
american_bulldog_127,1,1,trainval,train
american_bulldog_129,1,1,trainval,train
american_bulldog_13,1,1,trainval,train
american_bulldog_130,1,1,trainval,train
american_bulldog_131,1,1,trainval,train
american_bulldog_132,1,1,trainval,train
american_bulldog_133,1,1,trainval,train
american_bulldog_134,1,1,trainval,train
american_bulldog_135,1,1,trainval,train
american_bulldog_136,1,1,trainval,train
american_bulldog_138,1,1,trainval,train
american_bulldog_14,1,1,trainval,train
american_bulldog_141,1,1,trainval,train
american_bulldog_142,1,1,trainval,train
american_bulldog_144,1,1,trainval,train
american_bulldog_146,1,1,trainval,train
american_bulldog_147,1,1,trainval,train
american_bulldog_148,1,1,trainval,train
american_bulldog_15,1,1,trainval,train
american_bulldog_150,1,1,trainval,train
american_bulldog_151,1,1,trainval,train
american_bulldog_152,1,1,trainval,train
american_bulldog_153,1,1,trainval,train
american_bulldog_158,1,1,trainval,train
american_bulldog_161,1,1,trainval,train
american_bulldog_164,1,1,trainval,train
american_bulldog_166,1,1,trainval,train
american_bulldog_167,1,1,trainval,train
american_bulldog_168,1,1,trainval,train
american_bulldog_171,1,1,trainval,train
american_bulldog_172,1,1,trainval,train
american_bulldog_173,1,1,trainval,train
american_bulldog_175,1,1,trainval,train
american_bulldog_176,1,1,trainval,train
american_bulldog_178,1,1,trainval,train
american_bulldog_179,1,1,trainval,train
american_bulldog_18,1,1,trainval,train
american_bulldog_180,1,1,trainval,train
american_bulldog_182,1,1,trainval,train
american_bulldog_183,1,1,trainval,train
american_bulldog_185,1,1,trainval,train
american_bulldog_186,1,1,trainval,train
american_bulldog_188,1,1,trainval,train
american_bulldog_189,1,1,trainval,train
american_bulldog_19,1,1,trainval,train
american_bulldog_190,1,1,trainval,train
american_bulldog_192,1,1,trainval,train
american_bulldog_193,1,1,trainval,train
american_bulldog_194,1,1,trainval,train
american_bulldog_196,1,1,trainval,train
american_bulldog_197,1,1,trainval,train
american_bulldog_199,1,1,trainval,train
american_bulldog_200,1,1,trainval,train
american_bulldog_201,1,1,trainval,train
american_bulldog_202,1,1,trainval,train
american_pit_bull_terrier_100,2,1,trainval,train
american_pit_bull_terrier_101,2,1,trainval,train
american_pit_bull_terrier_102,2,1,trainval,train
american_pit_bull_terrier_103,2,1,trainval,train
american_pit_bull_terrier_104,2,1,trainval,train
american_pit_bull_terrier_105,2,1,trainval,train
american_pit_bull_terrier_106,2,1,trainval,train
american_pit_bull_terrier_107,2,1,trainval,train
american_pit_bull_terrier_108,2,1,trainval,train
american_pit_bull_terrier_109,2,1,trainval,train
american_pit_bull_terrier_11,2,1,trainval,train
american_pit_bull_terrier_111,2,1,trainval,train
american_pit_bull_terrier_112,2,1,trainval,train
american_pit_bull_terrier_113,2,1,trainval,train
american_pit_bull_terrier_115,2,1,trainval,train
american_pit_bull_terrier_116,2,1,trainval,train
american_pit_bull_terrier_117,2,1,trainval,train
american_pit_bull_terrier_118,2,1,trainval,train
american_pit_bull_terrier_119,2,1,trainval,train
american_pit_bull_terrier_120,2,1,trainval,train
american_pit_bull_terrier_121,2,1,trainval,train
american_pit_bull_terrier_122,2,1,trainval,train
american_pit_bull_terrier_123,2,1,trainval,train
american_pit_bull_terrier_124,2,1,trainval,train
american_pit_bull_terrier_125,2,1,trainval,train
american_pit_bull_terrier_126,2,1,trainval,train
american_pit_bull_terrier_128,2,1,trainval,train
american_pit_bull_terrier_129,2,1,trainval,train
american_pit_bull_terrier_130,2,1,trainval,train
american_pit_bull_terrier_131,2,1,trainval,train
american_pit_bull_terrier_132,2,1,trainval,train
american_pit_bull_terrier_133,2,1,trainval,train
american_pit_bull_terrier_134,2,1,trainval,train
american_pit_bull_terrier_135,2,1,trainval,train
american_pit_bull_terrier_137,2,1,trainval,train
american_pit_bull_terrier_138,2,1,trainval,train
american_pit_bull_terrier_14,2,1,trainval,train
american_pit_bull_terrier_141,2,1,trainval,train
american_pit_bull_terrier_142,2,1,trainval,train
american_pit_bull_terrier_143,2,1,trainval,train
american_pit_bull_terrier_144,2,1,trainval,train
american_pit_bull_terrier_145,2,1,trainval,train
american_pit_bull_terrier_146,2,1,trainval,train
american_pit_bull_terrier_147,2,1,trainval,train
american_pit_bull_terrier_148,2,1,trainval,train
american_pit_bull_terrier_149,2,1,trainval,train
american_pit_bull_terrier_15,2,1,trainval,train
american_pit_bull_terrier_151,2,1,trainval,train
american_pit_bull_terrier_153,2,1,trainval,train
american_pit_bull_terrier_154,2,1,trainval,train
american_pit_bull_terrier_155,2,1,trainval,train
american_pit_bull_terrier_156,2,1,trainval,train
american_pit_bull_terrier_157,2,1,trainval,train
american_pit_bull_terrier_158,2,1,trainval,train
american_pit_bull_terrier_159,2,1,trainval,train
american_pit_bull_terrier_16,2,1,trainval,train
american_pit_bull_terrier_161,2,1,trainval,train
american_pit_bull_terrier_162,2,1,trainval,train
american_pit_bull_terrier_164,2,1,trainval,train
american_pit_bull_terrier_165,2,1,trainval,train
american_pit_bull_terrier_166,2,1,trainval,train
american_pit_bull_terrier_167,2,1,trainval,train
american_pit_bull_terrier_168,2,1,trainval,train
american_pit_bull_terrier_169,2,1,trainval,train
american_pit_bull_terrier_17,2,1,trainval,train
american_pit_bull_terrier_170,2,1,trainval,train
american_pit_bull_terrier_172,2,1,trainval,train
american_pit_bull_terrier_174,2,1,trainval,train
american_pit_bull_terrier_175,2,1,trainval,train
american_pit_bull_terrier_177,2,1,trainval,train
american_pit_bull_terrier_18,2,1,trainval,train
american_pit_bull_terrier_180,2,1,trainval,train
american_pit_bull_terrier_182,2,1,trainval,train
american_pit_bull_terrier_183,2,1,trainval,train
american_pit_bull_terrier_185,2,1,trainval,train
american_pit_bull_terrier_186,2,1,trainval,train
american_pit_bull_terrier_187,2,1,trainval,train
american_pit_bull_terrier_188,2,1,trainval,train
american_pit_bull_terrier_189,2,1,trainval,train
american_pit_bull_terrier_190,2,1,trainval,train
basset_hound_10,3,1,trainval,train
basset_hound_100,3,1,trainval,train
basset_hound_101,3,1,trainval,train
basset_hound_102,3,1,trainval,train
basset_hound_103,3,1,trainval,train
basset_hound_104,3,1,trainval,train
basset_hound_106,3,1,trainval,train
basset_hound_107,3,1,trainval,train
basset_hound_108,3,1,trainval,train
basset_hound_109,3,1,trainval,train
basset_hound_11,3,1,trainval,train
basset_hound_110,3,1,trainval,train
basset_hound_111,3,1,trainval,train
basset_hound_113,3,1,trainval,train
basset_hound_114,3,1,trainval,train
basset_hound_115,3,1,trainval,train
basset_hound_116,3,1,trainval,train
basset_hound_117,3,1,trainval,train
basset_hound_118,3,1,trainval,train
basset_hound_119,3,1,trainval,train
basset_hound_12,3,1,trainval,train
basset_hound_122,3,1,trainval,train
basset_hound_123,3,1,trainval,train
basset_hound_124,3,1,trainval,train
basset_hound_126,3,1,trainval,train
basset_hound_128,3,1,trainval,train
basset_hound_129,3,1,trainval,train
basset_hound_130,3,1,trainval,train
basset_hound_131,3,1,trainval,train
basset_hound_132,3,1,trainval,train
basset_hound_133,3,1,trainval,train
basset_hound_134,3,1,trainval,train
basset_hound_135,3,1,trainval,train
basset_hound_136,3,1,trainval,train
basset_hound_137,3,1,trainval,train
basset_hound_138,3,1,trainval,train
basset_hound_139,3,1,trainval,train
basset_hound_14,3,1,trainval,train
basset_hound_140,3,1,trainval,train
basset_hound_141,3,1,trainval,train
basset_hound_142,3,1,trainval,train
basset_hound_144,3,1,trainval,train
basset_hound_145,3,1,trainval,train
basset_hound_146,3,1,trainval,train
basset_hound_148,3,1,trainval,train
basset_hound_150,3,1,trainval,train
basset_hound_151,3,1,trainval,train
basset_hound_152,3,1,trainval,train
basset_hound_153,3,1,trainval,train
basset_hound_154,3,1,trainval,train
basset_hound_155,3,1,trainval,train
basset_hound_156,3,1,trainval,train
basset_hound_157,3,1,trainval,train
basset_hound_158,3,1,trainval,train
basset_hound_159,3,1,trainval,train
basset_hound_16,3,1,trainval,train
basset_hound_160,3,1,trainval,train
basset_hound_161,3,1,trainval,train
basset_hound_163,3,1,trainval,train
basset_hound_164,3,1,trainval,train
basset_hound_166,3,1,trainval,train
basset_hound_168,3,1,trainval,train
basset_hound_17,3,1,trainval,train
basset_hound_170,3,1,trainval,train
basset_hound_171,3,1,trainval,train
basset_hound_172,3,1,trainval,train
basset_hound_173,3,1,trainval,train
basset_hound_174,3,1,trainval,train
basset_hound_175,3,1,trainval,train
basset_hound_176,3,1,trainval,train
basset_hound_177,3,1,trainval,train
basset_hound_178,3,1,trainval,train
basset_hound_179,3,1,trainval,train
basset_hound_18,3,1,trainval,train
basset_hound_180,3,1,trainval,train
basset_hound_184,3,1,trainval,train
basset_hound_185,3,1,trainval,train
basset_hound_186,3,1,trainval,train
basset_hound_189,3,1,trainval,train
basset_hound_190,3,1,trainval,train
beagle_100,4,1,trainval,train
beagle_101,4,1,trainval,train
beagle_102,4,1,trainval,train
beagle_103,4,1,trainval,train
beagle_104,4,1,trainval,train
beagle_105,4,1,trainval,train
beagle_107,4,1,trainval,train
beagle_108,4,1,trainval,train
beagle_109,4,1,trainval,train
beagle_111,4,1,trainval,train
beagle_112,4,1,trainval,train
beagle_113,4,1,trainval,train
beagle_114,4,1,trainval,train
beagle_115,4,1,trainval,train
beagle_116,4,1,trainval,train
beagle_117,4,1,trainval,train
beagle_120,4,1,trainval,train
beagle_121,4,1,trainval,train
beagle_122,4,1,trainval,train
beagle_124,4,1,trainval,train
beagle_126,4,1,trainval,train
beagle_127,4,1,trainval,train
beagle_128,4,1,trainval,train
beagle_129,4,1,trainval,train
beagle_130,4,1,trainval,train
beagle_131,4,1,trainval,train
beagle_133,4,1,trainval,train
beagle_134,4,1,trainval,train
beagle_135,4,1,trainval,train
beagle_136,4,1,trainval,train
beagle_137,4,1,trainval,train
beagle_139,4,1,trainval,train
beagle_14,4,1,trainval,train
beagle_140,4,1,trainval,train
beagle_141,4,1,trainval,train
beagle_142,4,1,trainval,train
beagle_143,4,1,trainval,train
beagle_144,4,1,trainval,train
beagle_145,4,1,trainval,train
beagle_146,4,1,trainval,train
beagle_147,4,1,trainval,train
beagle_149,4,1,trainval,train
beagle_15,4,1,trainval,train
beagle_150,4,1,trainval,train
beagle_151,4,1,trainval,train
beagle_152,4,1,trainval,train
beagle_154,4,1,trainval,train
beagle_155,4,1,trainval,train
beagle_157,4,1,trainval,train
beagle_158,4,1,trainval,train
beagle_16,4,1,trainval,train
beagle_160,4,1,trainval,train
beagle_161,4,1,trainval,train
beagle_164,4,1,trainval,train
beagle_165,4,1,trainval,train
beagle_166,4,1,trainval,train
beagle_168,4,1,trainval,train
beagle_169,4,1,trainval,train
beagle_17,4,1,trainval,train
beagle_171,4,1,trainval,train
beagle_172,4,1,trainval,train
beagle_173,4,1,trainval,train
beagle_175,4,1,trainval,train
beagle_176,4,1,trainval,train
beagle_178,4,1,trainval,train
beagle_179,4,1,trainval,train
beagle_18,4,1,trainval,train
beagle_180,4,1,trainval,train
beagle_181,4,1,trainval,train
beagle_182,4,1,trainval,train
beagle_184,4,1,trainval,train
beagle_185,4,1,trainval,train
beagle_186,4,1,trainval,train
beagle_187,4,1,trainval,train
beagle_188,4,1,trainval,train
beagle_189,4,1,trainval,train
beagle_190,4,1,trainval,train
beagle_191,4,1,trainval,train
beagle_193,4,1,trainval,train
beagle_194,4,1,trainval,train
boxer_10,8,1,trainval,train
boxer_100,8,1,trainval,train
boxer_103,8,1,trainval,train
boxer_104,8,1,trainval,train
boxer_105,8,1,trainval,train
boxer_106,8,1,trainval,train
boxer_107,8,1,trainval,train
boxer_108,8,1,trainval,train
boxer_109,8,1,trainval,train
boxer_11,8,1,trainval,train
boxer_110,8,1,trainval,train
boxer_112,8,1,trainval,train
boxer_113,8,1,trainval,train
boxer_114,8,1,trainval,train
boxer_115,8,1,trainval,train
boxer_117,8,1,trainval,train
boxer_118,8,1,trainval,train
boxer_119,8,1,trainval,train
boxer_12,8,1,trainval,train
boxer_121,8,1,trainval,train
boxer_124,8,1,trainval,train
boxer_125,8,1,trainval,train
boxer_126,8,1,trainval,train
boxer_127,8,1,trainval,train
boxer_128,8,1,trainval,train
boxer_129,8,1,trainval,train
boxer_13,8,1,trainval,train
boxer_130,8,1,trainval,train
boxer_131,8,1,trainval,train
boxer_132,8,1,trainval,train
boxer_134,8,1,trainval,train
boxer_135,8,1,trainval,train
boxer_136,8,1,trainval,train
boxer_138,8,1,trainval,train
boxer_14,8,1,trainval,train
boxer_140,8,1,trainval,train
boxer_141,8,1,trainval,train
boxer_142,8,1,trainval,train
boxer_143,8,1,trainval,train
boxer_147,8,1,trainval,train
boxer_148,8,1,trainval,train
boxer_149,8,1,trainval,train
boxer_15,8,1,trainval,train
boxer_150,8,1,trainval,train
boxer_151,8,1,trainval,train
boxer_152,8,1,trainval,train
boxer_153,8,1,trainval,train
boxer_154,8,1,trainval,train
boxer_155,8,1,trainval,train
boxer_156,8,1,trainval,train
boxer_157,8,1,trainval,train
boxer_159,8,1,trainval,train
boxer_16,8,1,trainval,train
boxer_160,8,1,trainval,train
boxer_161,8,1,trainval,train
boxer_162,8,1,trainval,train
boxer_164,8,1,trainval,train
boxer_165,8,1,trainval,train
boxer_166,8,1,trainval,train
boxer_167,8,1,trainval,train
boxer_168,8,1,trainval,train
boxer_169,8,1,trainval,train
boxer_17,8,1,trainval,train
boxer_170,8,1,trainval,train
boxer_173,8,1,trainval,train
boxer_174,8,1,trainval,train
boxer_175,8,1,trainval,train
boxer_176,8,1,trainval,train
boxer_177,8,1,trainval,train
boxer_178,8,1,trainval,train
boxer_179,8,1,trainval,train
boxer_18,8,1,trainval,train
boxer_181,8,1,trainval,train
boxer_182,8,1,trainval,train
boxer_183,8,1,trainval,train
boxer_185,8,1,trainval,train
boxer_186,8,1,trainval,train
boxer_187,8,1,trainval,train
boxer_188,8,1,trainval,train
boxer_189,8,1,trainval,train
chihuahua_100,10,1,trainval,train
chihuahua_101,10,1,trainval,train
chihuahua_102,10,1,trainval,train
chihuahua_103,10,1,trainval,train
chihuahua_104,10,1,trainval,train
chihuahua_106,10,1,trainval,train
chihuahua_107,10,1,trainval,train
chihuahua_108,10,1,trainval,train
chihuahua_109,10,1,trainval,train
chihuahua_11,10,1,trainval,train
chihuahua_110,10,1,trainval,train
chihuahua_113,10,1,trainval,train
chihuahua_114,10,1,trainval,train
chihuahua_115,10,1,trainval,train
chihuahua_117,10,1,trainval,train
chihuahua_119,10,1,trainval,train
chihuahua_120,10,1,trainval,train
chihuahua_121,10,1,trainval,train
chihuahua_122,10,1,trainval,train
chihuahua_123,10,1,trainval,train
chihuahua_124,10,1,trainval,train
chihuahua_125,10,1,trainval,train
chihuahua_126,10,1,trainval,train
chihuahua_127,10,1,trainval,train
chihuahua_128,10,1,trainval,train
chihuahua_129,10,1,trainval,train
chihuahua_13,10,1,trainval,train
chihuahua_130,10,1,trainval,train
chihuahua_131,10,1,trainval,train
chihuahua_132,10,1,trainval,train
chihuahua_134,10,1,trainval,train
chihuahua_137,10,1,trainval,train
chihuahua_138,10,1,trainval,train
chihuahua_14,10,1,trainval,train
chihuahua_140,10,1,trainval,train
chihuahua_141,10,1,trainval,train
chihuahua_142,10,1,trainval,train
chihuahua_143,10,1,trainval,train
chihuahua_145,10,1,trainval,train
chihuahua_146,10,1,trainval,train
chihuahua_147,10,1,trainval,train
chihuahua_148,10,1,trainval,train
chihuahua_149,10,1,trainval,train
chihuahua_15,10,1,trainval,train
chihuahua_150,10,1,trainval,train
chihuahua_151,10,1,trainval,train
chihuahua_152,10,1,trainval,train
chihuahua_153,10,1,trainval,train
chihuahua_154,10,1,trainval,train
chihuahua_155,10,1,trainval,train
chihuahua_156,10,1,trainval,train
chihuahua_157,10,1,trainval,train
chihuahua_159,10,1,trainval,train
chihuahua_160,10,1,trainval,train
chihuahua_161,10,1,trainval,train
chihuahua_162,10,1,trainval,train
chihuahua_163,10,1,trainval,train
chihuahua_165,10,1,trainval,train
chihuahua_167,10,1,trainval,train
chihuahua_168,10,1,trainval,train
chihuahua_169,10,1,trainval,train
chihuahua_17,10,1,trainval,train
chihuahua_170,10,1,trainval,train
chihuahua_171,10,1,trainval,train
chihuahua_172,10,1,trainval,train
chihuahua_173,10,1,trainval,train
chihuahua_174,10,1,trainval,train
chihuahua_175,10,1,trainval,train
chihuahua_176,10,1,trainval,train
chihuahua_177,10,1,trainval,train
chihuahua_179,10,1,trainval,train
chihuahua_18,10,1,trainval,train
chihuahua_180,10,1,trainval,train
chihuahua_181,10,1,trainval,train
chihuahua_182,10,1,trainval,train
chihuahua_184,10,1,trainval,train
chihuahua_186,10,1,trainval,train
chihuahua_187,10,1,trainval,train
chihuahua_189,10,1,trainval,train
chihuahua_190,10,1,trainval,train
english_cocker_spaniel_10,12,1,trainval,train
english_cocker_spaniel_100,12,1,trainval,train
english_cocker_spaniel_101,12,1,trainval,train
english_cocker_spaniel_102,12,1,trainval,train
english_cocker_spaniel_104,12,1,trainval,train
english_cocker_spaniel_105,12,1,trainval,train
english_cocker_spaniel_106,12,1,trainval,train
english_cocker_spaniel_108,12,1,trainval,train
english_cocker_spaniel_109,12,1,trainval,train
english_cocker_spaniel_11,12,1,trainval,train
english_cocker_spaniel_110,12,1,trainval,train
english_cocker_spaniel_111,12,1,trainval,train
english_cocker_spaniel_113,12,1,trainval,train
english_cocker_spaniel_114,12,1,trainval,train
english_cocker_spaniel_115,12,1,trainval,train
english_cocker_spaniel_116,12,1,trainval,train
english_cocker_spaniel_117,12,1,trainval,train
english_cocker_spaniel_119,12,1,trainval,train
english_cocker_spaniel_12,12,1,trainval,train
english_cocker_spaniel_120,12,1,trainval,train
english_cocker_spaniel_121,12,1,trainval,train
english_cocker_spaniel_123,12,1,trainval,train
english_cocker_spaniel_124,12,1,trainval,train
english_cocker_spaniel_125,12,1,trainval,train
english_cocker_spaniel_126,12,1,trainval,train
english_cocker_spaniel_127,12,1,trainval,train
english_cocker_spaniel_128,12,1,trainval,train
english_cocker_spaniel_129,12,1,trainval,train
english_cocker_spaniel_130,12,1,trainval,train
english_cocker_spaniel_131,12,1,trainval,train
english_cocker_spaniel_133,12,1,trainval,train
english_cocker_spaniel_134,12,1,trainval,train
english_cocker_spaniel_135,12,1,trainval,train
english_cocker_spaniel_136,12,1,trainval,train
english_cocker_spaniel_139,12,1,trainval,train
english_cocker_spaniel_14,12,1,trainval,train
english_cocker_spaniel_140,12,1,trainval,train
english_cocker_spaniel_141,12,1,trainval,train
english_cocker_spaniel_142,12,1,trainval,train
english_cocker_spaniel_143,12,1,trainval,train
english_cocker_spaniel_144,12,1,trainval,train
english_cocker_spaniel_145,12,1,trainval,train
english_cocker_spaniel_146,12,1,trainval,train
english_cocker_spaniel_147,12,1,trainval,train
english_cocker_spaniel_148,12,1,trainval,train
english_cocker_spaniel_149,12,1,trainval,train
english_cocker_spaniel_15,12,1,trainval,train
english_cocker_spaniel_150,12,1,trainval,train
english_cocker_spaniel_151,12,1,trainval,train
english_cocker_spaniel_152,12,1,trainval,train
english_cocker_spaniel_153,12,1,trainval,train
english_cocker_spaniel_154,12,1,trainval,train
english_cocker_spaniel_156,12,1,trainval,train
english_cocker_spaniel_157,12,1,trainval,train
english_cocker_spaniel_158,12,1,trainval,train
english_cocker_spaniel_16,12,1,trainval,train
english_cocker_spaniel_160,12,1,trainval,train
english_cocker_spaniel_161,12,1,trainval,train
english_cocker_spaniel_165,12,1,trainval,train
english_cocker_spaniel_167,12,1,trainval,train
english_cocker_spaniel_168,12,1,trainval,train
english_cocker_spaniel_173,12,1,trainval,train
english_cocker_spaniel_174,12,1,trainval,train
english_cocker_spaniel_175,12,1,trainval,train
english_cocker_spaniel_176,12,1,trainval,train
english_cocker_spaniel_177,12,1,trainval,train
english_cocker_spaniel_178,12,1,trainval,train
english_cocker_spaniel_18,12,1,trainval,train
english_cocker_spaniel_180,12,1,trainval,train
english_cocker_spaniel_181,12,1,trainval,train
english_cocker_spaniel_182,12,1,trainval,train
english_cocker_spaniel_183,12,1,trainval,train
english_cocker_spaniel_184,12,1,trainval,train
english_cocker_spaniel_185,12,1,trainval,train
english_cocker_spaniel_187,12,1,trainval,train
english_cocker_spaniel_188,12,1,trainval,train
english_cocker_spaniel_190,12,1,trainval,train
english_setter_10,13,1,trainval,train
english_setter_100,13,1,trainval,train
english_setter_101,13,1,trainval,train
english_setter_102,13,1,trainval,train
english_setter_103,13,1,trainval,train
english_setter_104,13,1,trainval,train
english_setter_105,13,1,trainval,train
english_setter_106,13,1,trainval,train
english_setter_107,13,1,trainval,train
english_setter_109,13,1,trainval,train
english_setter_11,13,1,trainval,train
english_setter_110,13,1,trainval,train
english_setter_112,13,1,trainval,train
english_setter_113,13,1,trainval,train
english_setter_114,13,1,trainval,train
english_setter_115,13,1,trainval,train
english_setter_116,13,1,trainval,train
english_setter_118,13,1,trainval,train
english_setter_119,13,1,trainval,train
english_setter_120,13,1,trainval,train
english_setter_121,13,1,trainval,train
english_setter_122,13,1,trainval,train
english_setter_124,13,1,trainval,train
english_setter_127,13,1,trainval,train
english_setter_128,13,1,trainval,train
english_setter_129,13,1,trainval,train
english_setter_130,13,1,trainval,train
english_setter_131,13,1,trainval,train
english_setter_132,13,1,trainval,train
english_setter_133,13,1,trainval,train
english_setter_134,13,1,trainval,train
english_setter_135,13,1,trainval,train
english_setter_136,13,1,trainval,train
english_setter_138,13,1,trainval,train
english_setter_14,13,1,trainval,train
english_setter_140,13,1,trainval,train
english_setter_141,13,1,trainval,train
english_setter_142,13,1,trainval,train
english_setter_143,13,1,trainval,train
english_setter_145,13,1,trainval,train
english_setter_146,13,1,trainval,train
english_setter_147,13,1,trainval,train
english_setter_148,13,1,trainval,train
english_setter_149,13,1,trainval,train
english_setter_15,13,1,trainval,train
english_setter_151,13,1,trainval,train
english_setter_152,13,1,trainval,train
english_setter_153,13,1,trainval,train
english_setter_154,13,1,trainval,train
english_setter_155,13,1,trainval,train
english_setter_156,13,1,trainval,train
english_setter_158,13,1,trainval,train
english_setter_159,13,1,trainval,train
english_setter_16,13,1,trainval,train
english_setter_160,13,1,trainval,train
english_setter_161,13,1,trainval,train
english_setter_163,13,1,trainval,train
english_setter_165,13,1,trainval,train
english_setter_166,13,1,trainval,train
english_setter_167,13,1,trainval,train
english_setter_168,13,1,trainval,train
english_setter_17,13,1,trainval,train
english_setter_170,13,1,trainval,train
english_setter_172,13,1,trainval,train
english_setter_173,13,1,trainval,train
english_setter_174,13,1,trainval,train
english_setter_175,13,1,trainval,train
english_setter_177,13,1,trainval,train
english_setter_178,13,1,trainval,train
english_setter_179,13,1,trainval,train
english_setter_180,13,1,trainval,train
english_setter_181,13,1,trainval,train
english_setter_182,13,1,trainval,train
english_setter_183,13,1,trainval,train
english_setter_184,13,1,trainval,train
english_setter_185,13,1,trainval,train
english_setter_186,13,1,trainval,train
english_setter_187,13,1,trainval,train
english_setter_188,13,1,trainval,train
english_setter_189,13,1,trainval,train
german_shorthaired_10,14,1,trainval,train
german_shorthaired_101,14,1,trainval,train
german_shorthaired_103,14,1,trainval,train
german_shorthaired_104,14,1,trainval,train
german_shorthaired_105,14,1,trainval,train
german_shorthaired_106,14,1,trainval,train
german_shorthaired_107,14,1,trainval,train
german_shorthaired_108,14,1,trainval,train
german_shorthaired_109,14,1,trainval,train
german_shorthaired_11,14,1,trainval,train
german_shorthaired_110,14,1,trainval,train
german_shorthaired_111,14,1,trainval,train
german_shorthaired_113,14,1,trainval,train
german_shorthaired_115,14,1,trainval,train
german_shorthaired_116,14,1,trainval,train
german_shorthaired_118,14,1,trainval,train
german_shorthaired_119,14,1,trainval,train
german_shorthaired_12,14,1,trainval,train
german_shorthaired_120,14,1,trainval,train
german_shorthaired_121,14,1,trainval,train
german_shorthaired_123,14,1,trainval,train
german_shorthaired_124,14,1,trainval,train
german_shorthaired_125,14,1,trainval,train
german_shorthaired_126,14,1,trainval,train
german_shorthaired_128,14,1,trainval,train
german_shorthaired_130,14,1,trainval,train
german_shorthaired_131,14,1,trainval,train
german_shorthaired_132,14,1,trainval,train
german_shorthaired_133,14,1,trainval,train
german_shorthaired_134,14,1,trainval,train
german_shorthaired_135,14,1,trainval,train
german_shorthaired_136,14,1,trainval,train
german_shorthaired_138,14,1,trainval,train
german_shorthaired_140,14,1,trainval,train
german_shorthaired_141,14,1,trainval,train
german_shorthaired_142,14,1,trainval,train
german_shorthaired_143,14,1,trainval,train
german_shorthaired_144,14,1,trainval,train
german_shorthaired_145,14,1,trainval,train
german_shorthaired_146,14,1,trainval,train
german_shorthaired_147,14,1,trainval,train
german_shorthaired_148,14,1,trainval,train
german_shorthaired_149,14,1,trainval,train
german_shorthaired_15,14,1,trainval,train
german_shorthaired_150,14,1,trainval,train
german_shorthaired_151,14,1,trainval,train
german_shorthaired_152,14,1,trainval,train
german_shorthaired_154,14,1,trainval,train
german_shorthaired_155,14,1,trainval,train
german_shorthaired_156,14,1,trainval,train
german_shorthaired_157,14,1,trainval,train
german_shorthaired_159,14,1,trainval,train
german_shorthaired_160,14,1,trainval,train
german_shorthaired_161,14,1,trainval,train
german_shorthaired_162,14,1,trainval,train
german_shorthaired_163,14,1,trainval,train
german_shorthaired_164,14,1,trainval,train
german_shorthaired_165,14,1,trainval,train
german_shorthaired_166,14,1,trainval,train
german_shorthaired_167,14,1,trainval,train
german_shorthaired_168,14,1,trainval,train
german_shorthaired_169,14,1,trainval,train
german_shorthaired_17,14,1,trainval,train
german_shorthaired_170,14,1,trainval,train
german_shorthaired_172,14,1,trainval,train
german_shorthaired_173,14,1,trainval,train
german_shorthaired_174,14,1,trainval,train
german_shorthaired_175,14,1,trainval,train
german_shorthaired_176,14,1,trainval,train
german_shorthaired_177,14,1,trainval,train
german_shorthaired_179,14,1,trainval,train
german_shorthaired_18,14,1,trainval,train
german_shorthaired_180,14,1,trainval,train
german_shorthaired_181,14,1,trainval,train
german_shorthaired_182,14,1,trainval,train
german_shorthaired_185,14,1,trainval,train
german_shorthaired_187,14,1,trainval,train
german_shorthaired_188,14,1,trainval,train
german_shorthaired_189,14,1,trainval,train
german_shorthaired_190,14,1,trainval,train
great_pyrenees_10,15,1,trainval,train
great_pyrenees_100,15,1,trainval,train
great_pyrenees_101,15,1,trainval,train
great_pyrenees_102,15,1,trainval,train
great_pyrenees_103,15,1,trainval,train
great_pyrenees_104,15,1,trainval,train
great_pyrenees_105,15,1,trainval,train
great_pyrenees_107,15,1,trainval,train
great_pyrenees_108,15,1,trainval,train
great_pyrenees_109,15,1,trainval,train
great_pyrenees_11,15,1,trainval,train
great_pyrenees_110,15,1,trainval,train
great_pyrenees_112,15,1,trainval,train
great_pyrenees_113,15,1,trainval,train
great_pyrenees_115,15,1,trainval,train
great_pyrenees_117,15,1,trainval,train
great_pyrenees_118,15,1,trainval,train
great_pyrenees_119,15,1,trainval,train
great_pyrenees_12,15,1,trainval,train
great_pyrenees_121,15,1,trainval,train
great_pyrenees_122,15,1,trainval,train
great_pyrenees_124,15,1,trainval,train
great_pyrenees_125,15,1,trainval,train
great_pyrenees_126,15,1,trainval,train
great_pyrenees_128,15,1,trainval,train
great_pyrenees_129,15,1,trainval,train
great_pyrenees_13,15,1,trainval,train
great_pyrenees_131,15,1,trainval,train
great_pyrenees_133,15,1,trainval,train
great_pyrenees_134,15,1,trainval,train
great_pyrenees_135,15,1,trainval,train
great_pyrenees_136,15,1,trainval,train
great_pyrenees_137,15,1,trainval,train
great_pyrenees_138,15,1,trainval,train
great_pyrenees_14,15,1,trainval,train
great_pyrenees_140,15,1,trainval,train
great_pyrenees_141,15,1,trainval,train
great_pyrenees_142,15,1,trainval,train
great_pyrenees_143,15,1,trainval,train
great_pyrenees_144,15,1,trainval,train
great_pyrenees_145,15,1,trainval,train
great_pyrenees_146,15,1,trainval,train
great_pyrenees_147,15,1,trainval,train
great_pyrenees_149,15,1,trainval,train
great_pyrenees_15,15,1,trainval,train
great_pyrenees_150,15,1,trainval,train
great_pyrenees_151,15,1,trainval,train
great_pyrenees_154,15,1,trainval,train
great_pyrenees_155,15,1,trainval,train
great_pyrenees_156,15,1,trainval,train
great_pyrenees_157,15,1,trainval,train
great_pyrenees_159,15,1,trainval,train
great_pyrenees_16,15,1,trainval,train
great_pyrenees_160,15,1,trainval,train
great_pyrenees_163,15,1,trainval,train
great_pyrenees_165,15,1,trainval,train
great_pyrenees_166,15,1,trainval,train
great_pyrenees_167,15,1,trainval,train
great_pyrenees_168,15,1,trainval,train
great_pyrenees_169,15,1,trainval,train
great_pyrenees_17,15,1,trainval,train
great_pyrenees_170,15,1,trainval,train
great_pyrenees_172,15,1,trainval,train
great_pyrenees_173,15,1,trainval,train
great_pyrenees_174,15,1,trainval,train
great_pyrenees_175,15,1,trainval,train
great_pyrenees_176,15,1,trainval,train
great_pyrenees_177,15,1,trainval,train
great_pyrenees_179,15,1,trainval,train
great_pyrenees_18,15,1,trainval,train
great_pyrenees_180,15,1,trainval,train
great_pyrenees_181,15,1,trainval,train
great_pyrenees_182,15,1,trainval,train
great_pyrenees_183,15,1,trainval,train
great_pyrenees_184,15,1,trainval,train
great_pyrenees_185,15,1,trainval,train
great_pyrenees_186,15,1,trainval,train
great_pyrenees_188,15,1,trainval,train
great_pyrenees_189,15,1,trainval,train
great_pyrenees_190,15,1,trainval,train
havanese_10,16,1,trainval,train
havanese_100,16,1,trainval,train
havanese_101,16,1,trainval,train
havanese_102,16,1,trainval,train
havanese_103,16,1,trainval,train
havanese_104,16,1,trainval,train
havanese_106,16,1,trainval,train
havanese_107,16,1,trainval,train
havanese_109,16,1,trainval,train
havanese_11,16,1,trainval,train
havanese_110,16,1,trainval,train
havanese_111,16,1,trainval,train
havanese_113,16,1,trainval,train
havanese_116,16,1,trainval,train
havanese_117,16,1,trainval,train
havanese_118,16,1,trainval,train
havanese_119,16,1,trainval,train
havanese_12,16,1,trainval,train
havanese_120,16,1,trainval,train
havanese_121,16,1,trainval,train
havanese_122,16,1,trainval,train
havanese_123,16,1,trainval,train
havanese_124,16,1,trainval,train
havanese_125,16,1,trainval,train
havanese_126,16,1,trainval,train
havanese_127,16,1,trainval,train
havanese_128,16,1,trainval,train
havanese_129,16,1,trainval,train
havanese_130,16,1,trainval,train
havanese_131,16,1,trainval,train
havanese_132,16,1,trainval,train
havanese_133,16,1,trainval,train
havanese_134,16,1,trainval,train
havanese_135,16,1,trainval,train
havanese_136,16,1,trainval,train
havanese_14,16,1,trainval,train
havanese_140,16,1,trainval,train
havanese_141,16,1,trainval,train
havanese_142,16,1,trainval,train
havanese_143,16,1,trainval,train
havanese_144,16,1,trainval,train
havanese_145,16,1,trainval,train
havanese_148,16,1,trainval,train
havanese_149,16,1,trainval,train
havanese_15,16,1,trainval,train
havanese_150,16,1,trainval,train
havanese_153,16,1,trainval,train
havanese_155,16,1,trainval,train
havanese_159,16,1,trainval,train
havanese_16,16,1,trainval,train
havanese_161,16,1,trainval,train
havanese_162,16,1,trainval,train
havanese_164,16,1,trainval,train
havanese_165,16,1,trainval,train
havanese_166,16,1,trainval,train
havanese_167,16,1,trainval,train
havanese_168,16,1,trainval,train
havanese_169,16,1,trainval,train
havanese_17,16,1,trainval,train
havanese_170,16,1,trainval,train
havanese_171,16,1,trainval,train
havanese_172,16,1,trainval,train
havanese_173,16,1,trainval,train
havanese_174,16,1,trainval,train
havanese_175,16,1,trainval,train
havanese_176,16,1,trainval,train
havanese_177,16,1,trainval,train
havanese_178,16,1,trainval,train
havanese_179,16,1,trainval,train
havanese_18,16,1,trainval,train
havanese_180,16,1,trainval,train
havanese_181,16,1,trainval,train
havanese_183,16,1,trainval,train
havanese_184,16,1,trainval,train
havanese_185,16,1,trainval,train
havanese_186,16,1,trainval,train
havanese_187,16,1,trainval,train
havanese_188,16,1,trainval,train
havanese_189,16,1,trainval,train
havanese_190,16,1,trainval,train
japanese_chin_10,17,1,trainval,train
japanese_chin_100,17,1,trainval,train
japanese_chin_102,17,1,trainval,train
japanese_chin_103,17,1,trainval,train
japanese_chin_105,17,1,trainval,train
japanese_chin_107,17,1,trainval,train
japanese_chin_108,17,1,trainval,train
japanese_chin_109,17,1,trainval,train
japanese_chin_11,17,1,trainval,train
japanese_chin_110,17,1,trainval,train
japanese_chin_111,17,1,trainval,train
japanese_chin_112,17,1,trainval,train
japanese_chin_113,17,1,trainval,train
japanese_chin_114,17,1,trainval,train
japanese_chin_115,17,1,trainval,train
japanese_chin_12,17,1,trainval,train
japanese_chin_121,17,1,trainval,train
japanese_chin_122,17,1,trainval,train
japanese_chin_123,17,1,trainval,train
japanese_chin_124,17,1,trainval,train
japanese_chin_125,17,1,trainval,train
japanese_chin_126,17,1,trainval,train
japanese_chin_127,17,1,trainval,train
japanese_chin_128,17,1,trainval,train
japanese_chin_129,17,1,trainval,train
japanese_chin_131,17,1,trainval,train
japanese_chin_132,17,1,trainval,train
japanese_chin_133,17,1,trainval,train
japanese_chin_134,17,1,trainval,train
japanese_chin_135,17,1,trainval,train
japanese_chin_136,17,1,trainval,train
japanese_chin_137,17,1,trainval,train
japanese_chin_138,17,1,trainval,train
japanese_chin_139,17,1,trainval,train
japanese_chin_14,17,1,trainval,train
japanese_chin_140,17,1,trainval,train
japanese_chin_141,17,1,trainval,train
japanese_chin_142,17,1,trainval,train
japanese_chin_143,17,1,trainval,train
japanese_chin_144,17,1,trainval,train
japanese_chin_146,17,1,trainval,train
japanese_chin_147,17,1,trainval,train
japanese_chin_148,17,1,trainval,train
japanese_chin_149,17,1,trainval,train
japanese_chin_15,17,1,trainval,train
japanese_chin_150,17,1,trainval,train
japanese_chin_151,17,1,trainval,train
japanese_chin_153,17,1,trainval,train
japanese_chin_155,17,1,trainval,train
japanese_chin_157,17,1,trainval,train
japanese_chin_159,17,1,trainval,train
japanese_chin_16,17,1,trainval,train
japanese_chin_160,17,1,trainval,train
japanese_chin_161,17,1,trainval,train
japanese_chin_162,17,1,trainval,train
japanese_chin_163,17,1,trainval,train
japanese_chin_164,17,1,trainval,train
japanese_chin_165,17,1,trainval,train
japanese_chin_166,17,1,trainval,train
japanese_chin_167,17,1,trainval,train
japanese_chin_168,17,1,trainval,train
japanese_chin_169,17,1,trainval,train
japanese_chin_17,17,1,trainval,train
japanese_chin_170,17,1,trainval,train
japanese_chin_173,17,1,trainval,train
japanese_chin_174,17,1,trainval,train
japanese_chin_175,17,1,trainval,train
japanese_chin_176,17,1,trainval,train
japanese_chin_178,17,1,trainval,train
japanese_chin_18,17,1,trainval,train
japanese_chin_180,17,1,trainval,train
japanese_chin_181,17,1,trainval,train
japanese_chin_182,17,1,trainval,train
japanese_chin_184,17,1,trainval,train
japanese_chin_185,17,1,trainval,train
japanese_chin_186,17,1,trainval,train
japanese_chin_187,17,1,trainval,train
japanese_chin_188,17,1,trainval,train
japanese_chin_189,17,1,trainval,train
japanese_chin_190,17,1,trainval,train
keeshond_10,18,1,trainval,train
keeshond_100,18,1,trainval,train
keeshond_101,18,1,trainval,train
keeshond_106,18,1,trainval,train
keeshond_109,18,1,trainval,train
keeshond_11,18,1,trainval,train
keeshond_110,18,1,trainval,train
keeshond_111,18,1,trainval,train
keeshond_112,18,1,trainval,train
keeshond_113,18,1,trainval,train
keeshond_114,18,1,trainval,train
keeshond_116,18,1,trainval,train
keeshond_117,18,1,trainval,train
keeshond_118,18,1,trainval,train
keeshond_12,18,1,trainval,train
keeshond_121,18,1,trainval,train
keeshond_122,18,1,trainval,train
keeshond_123,18,1,trainval,train
keeshond_124,18,1,trainval,train
keeshond_125,18,1,trainval,train
keeshond_126,18,1,trainval,train
keeshond_127,18,1,trainval,train
keeshond_128,18,1,trainval,train
keeshond_129,18,1,trainval,train
keeshond_13,18,1,trainval,train
keeshond_130,18,1,trainval,train
keeshond_132,18,1,trainval,train
keeshond_133,18,1,trainval,train
keeshond_135,18,1,trainval,train
keeshond_136,18,1,trainval,train
keeshond_138,18,1,trainval,train
keeshond_139,18,1,trainval,train
keeshond_14,18,1,trainval,train
keeshond_140,18,1,trainval,train
keeshond_141,18,1,trainval,train
keeshond_142,18,1,trainval,train
keeshond_143,18,1,trainval,train
keeshond_144,18,1,trainval,train
keeshond_145,18,1,trainval,train
keeshond_146,18,1,trainval,train
keeshond_147,18,1,trainval,train
keeshond_148,18,1,trainval,train
keeshond_149,18,1,trainval,train
keeshond_151,18,1,trainval,train
keeshond_152,18,1,trainval,train
keeshond_153,18,1,trainval,train
keeshond_155,18,1,trainval,train
keeshond_156,18,1,trainval,train
keeshond_157,18,1,trainval,train
keeshond_159,18,1,trainval,train
keeshond_16,18,1,trainval,train
keeshond_160,18,1,trainval,train
keeshond_161,18,1,trainval,train
keeshond_162,18,1,trainval,train
keeshond_164,18,1,trainval,train
keeshond_166,18,1,trainval,train
keeshond_167,18,1,trainval,train
keeshond_168,18,1,trainval,train
keeshond_169,18,1,trainval,train
keeshond_17,18,1,trainval,train
keeshond_170,18,1,trainval,train
keeshond_171,18,1,trainval,train
keeshond_172,18,1,trainval,train
keeshond_173,18,1,trainval,train
keeshond_174,18,1,trainval,train
keeshond_175,18,1,trainval,train
keeshond_176,18,1,trainval,train
keeshond_177,18,1,trainval,train
keeshond_178,18,1,trainval,train
keeshond_179,18,1,trainval,train
keeshond_180,18,1,trainval,train
keeshond_181,18,1,trainval,train
keeshond_183,18,1,trainval,train
keeshond_184,18,1,trainval,train
keeshond_185,18,1,trainval,train
keeshond_186,18,1,trainval,train
keeshond_187,18,1,trainval,train
keeshond_188,18,1,trainval,train
keeshond_189,18,1,trainval,train
keeshond_190,18,1,trainval,train
leonberger_10,19,1,trainval,train
leonberger_100,19,1,trainval,train
leonberger_101,19,1,trainval,train
leonberger_102,19,1,trainval,train
leonberger_104,19,1,trainval,train
leonberger_106,19,1,trainval,train
leonberger_107,19,1,trainval,train
leonberger_108,19,1,trainval,train
leonberger_109,19,1,trainval,train
leonberger_110,19,1,trainval,train
leonberger_111,19,1,trainval,train
leonberger_113,19,1,trainval,train
leonberger_115,19,1,trainval,train
leonberger_116,19,1,trainval,train
leonberger_117,19,1,trainval,train
leonberger_118,19,1,trainval,train
leonberger_120,19,1,trainval,train
leonberger_121,19,1,trainval,train
leonberger_122,19,1,trainval,train
leonberger_123,19,1,trainval,train
leonberger_124,19,1,trainval,train
leonberger_125,19,1,trainval,train
leonberger_126,19,1,trainval,train
leonberger_127,19,1,trainval,train
leonberger_128,19,1,trainval,train
leonberger_129,19,1,trainval,train
leonberger_13,19,1,trainval,train
leonberger_130,19,1,trainval,train
leonberger_132,19,1,trainval,train
leonberger_133,19,1,trainval,train
leonberger_134,19,1,trainval,train
leonberger_136,19,1,trainval,train
leonberger_138,19,1,trainval,train
leonberger_14,19,1,trainval,train
leonberger_140,19,1,trainval,train
leonberger_141,19,1,trainval,train
leonberger_142,19,1,trainval,train
leonberger_144,19,1,trainval,train
leonberger_145,19,1,trainval,train
leonberger_146,19,1,trainval,train
leonberger_147,19,1,trainval,train
leonberger_149,19,1,trainval,train
leonberger_15,19,1,trainval,train
leonberger_151,19,1,trainval,train
leonberger_152,19,1,trainval,train
leonberger_153,19,1,trainval,train
leonberger_154,19,1,trainval,train
leonberger_155,19,1,trainval,train
leonberger_156,19,1,trainval,train
leonberger_157,19,1,trainval,train
leonberger_159,19,1,trainval,train
leonberger_16,19,1,trainval,train
leonberger_160,19,1,trainval,train
leonberger_161,19,1,trainval,train
leonberger_162,19,1,trainval,train
leonberger_164,19,1,trainval,train
leonberger_165,19,1,trainval,train
leonberger_166,19,1,trainval,train
leonberger_167,19,1,trainval,train
leonberger_168,19,1,trainval,train
leonberger_169,19,1,trainval,train
leonberger_17,19,1,trainval,train
leonberger_170,19,1,trainval,train
leonberger_171,19,1,trainval,train
leonberger_172,19,1,trainval,train
leonberger_173,19,1,trainval,train
leonberger_174,19,1,trainval,train
leonberger_175,19,1,trainval,train
leonberger_176,19,1,trainval,train
leonberger_177,19,1,trainval,train
leonberger_178,19,1,trainval,train
leonberger_179,19,1,trainval,train
leonberger_18,19,1,trainval,train
leonberger_181,19,1,trainval,train
leonberger_182,19,1,trainval,train
leonberger_183,19,1,trainval,train
leonberger_185,19,1,trainval,train
leonberger_186,19,1,trainval,train
leonberger_189,19,1,trainval,train
leonberger_190,19,1,trainval,train
miniature_pinscher_100,21,1,trainval,train
miniature_pinscher_101,21,1,trainval,train
miniature_pinscher_102,21,1,trainval,train
miniature_pinscher_103,21,1,trainval,train
miniature_pinscher_104,21,1,trainval,train
miniature_pinscher_105,21,1,trainval,train
miniature_pinscher_106,21,1,trainval,train
miniature_pinscher_108,21,1,trainval,train
miniature_pinscher_109,21,1,trainval,train
miniature_pinscher_110,21,1,trainval,train
miniature_pinscher_111,21,1,trainval,train
miniature_pinscher_112,21,1,trainval,train
miniature_pinscher_113,21,1,trainval,train
miniature_pinscher_114,21,1,trainval,train
miniature_pinscher_115,21,1,trainval,train
miniature_pinscher_116,21,1,trainval,train
miniature_pinscher_117,21,1,trainval,train
miniature_pinscher_118,21,1,trainval,train
miniature_pinscher_119,21,1,trainval,train
miniature_pinscher_12,21,1,trainval,train
miniature_pinscher_120,21,1,trainval,train
miniature_pinscher_123,21,1,trainval,train
miniature_pinscher_124,21,1,trainval,train
miniature_pinscher_125,21,1,trainval,train
miniature_pinscher_127,21,1,trainval,train
miniature_pinscher_128,21,1,trainval,train
miniature_pinscher_129,21,1,trainval,train
miniature_pinscher_13,21,1,trainval,train
miniature_pinscher_130,21,1,trainval,train
miniature_pinscher_131,21,1,trainval,train
miniature_pinscher_133,21,1,trainval,train
miniature_pinscher_134,21,1,trainval,train
miniature_pinscher_135,21,1,trainval,train
miniature_pinscher_136,21,1,trainval,train
miniature_pinscher_137,21,1,trainval,train
miniature_pinscher_138,21,1,trainval,train
miniature_pinscher_139,21,1,trainval,train
miniature_pinscher_14,21,1,trainval,train
miniature_pinscher_140,21,1,trainval,train
miniature_pinscher_141,21,1,trainval,train
miniature_pinscher_142,21,1,trainval,train
miniature_pinscher_143,21,1,trainval,train
miniature_pinscher_145,21,1,trainval,train
miniature_pinscher_146,21,1,trainval,train
miniature_pinscher_147,21,1,trainval,train
miniature_pinscher_149,21,1,trainval,train
miniature_pinscher_150,21,1,trainval,train
miniature_pinscher_151,21,1,trainval,train
miniature_pinscher_154,21,1,trainval,train
miniature_pinscher_155,21,1,trainval,train
miniature_pinscher_156,21,1,trainval,train
miniature_pinscher_157,21,1,trainval,train
miniature_pinscher_158,21,1,trainval,train
miniature_pinscher_159,21,1,trainval,train
miniature_pinscher_16,21,1,trainval,train
miniature_pinscher_161,21,1,trainval,train
miniature_pinscher_162,21,1,trainval,train
miniature_pinscher_163,21,1,trainval,train
miniature_pinscher_164,21,1,trainval,train
miniature_pinscher_165,21,1,trainval,train
miniature_pinscher_166,21,1,trainval,train
miniature_pinscher_167,21,1,trainval,train
miniature_pinscher_168,21,1,trainval,train
miniature_pinscher_17,21,1,trainval,train
miniature_pinscher_170,21,1,trainval,train
miniature_pinscher_173,21,1,trainval,train
miniature_pinscher_175,21,1,trainval,train
miniature_pinscher_176,21,1,trainval,train
miniature_pinscher_178,21,1,trainval,train
miniature_pinscher_18,21,1,trainval,train
miniature_pinscher_180,21,1,trainval,train
miniature_pinscher_181,21,1,trainval,train
miniature_pinscher_182,21,1,trainval,train
miniature_pinscher_183,21,1,trainval,train
miniature_pinscher_185,21,1,trainval,train
miniature_pinscher_186,21,1,trainval,train
miniature_pinscher_187,21,1,trainval,train
miniature_pinscher_188,21,1,trainval,train
miniature_pinscher_189,21,1,trainval,train
miniature_pinscher_190,21,1,trainval,train
newfoundland_10,22,1,trainval,train
newfoundland_102,22,1,trainval,train
newfoundland_103,22,1,trainval,train
newfoundland_104,22,1,trainval,train
newfoundland_106,22,1,trainval,train
newfoundland_107,22,1,trainval,train
newfoundland_108,22,1,trainval,train
newfoundland_109,22,1,trainval,train
newfoundland_110,22,1,trainval,train
newfoundland_111,22,1,trainval,train
newfoundland_112,22,1,trainval,train
newfoundland_113,22,1,trainval,train
newfoundland_115,22,1,trainval,train
newfoundland_116,22,1,trainval,train
newfoundland_117,22,1,trainval,train
newfoundland_118,22,1,trainval,train
newfoundland_119,22,1,trainval,train
newfoundland_12,22,1,trainval,train
newfoundland_120,22,1,trainval,train
newfoundland_121,22,1,trainval,train
newfoundland_123,22,1,trainval,train
newfoundland_124,22,1,trainval,train
newfoundland_125,22,1,trainval,train
newfoundland_126,22,1,trainval,train
newfoundland_127,22,1,trainval,train
newfoundland_128,22,1,trainval,train
newfoundland_129,22,1,trainval,train
newfoundland_13,22,1,trainval,train
newfoundland_130,22,1,trainval,train
newfoundland_131,22,1,trainval,train
newfoundland_132,22,1,trainval,train
newfoundland_133,22,1,trainval,train
newfoundland_134,22,1,trainval,train
newfoundland_135,22,1,trainval,train
newfoundland_137,22,1,trainval,train
newfoundland_138,22,1,trainval,train
newfoundland_139,22,1,trainval,train
newfoundland_14,22,1,trainval,train
newfoundland_141,22,1,trainval,train
newfoundland_142,22,1,trainval,train
newfoundland_143,22,1,trainval,train
newfoundland_144,22,1,trainval,train
newfoundland_145,22,1,trainval,train
newfoundland_146,22,1,trainval,train
newfoundland_148,22,1,trainval,train
newfoundland_149,22,1,trainval,train
newfoundland_15,22,1,trainval,train
newfoundland_151,22,1,trainval,train
newfoundland_157,22,1,trainval,train
newfoundland_158,22,1,trainval,train
newfoundland_159,22,1,trainval,train
newfoundland_16,22,1,trainval,train
newfoundland_160,22,1,trainval,train
newfoundland_161,22,1,trainval,train
newfoundland_162,22,1,trainval,train
newfoundland_164,22,1,trainval,train
newfoundland_166,22,1,trainval,train
newfoundland_167,22,1,trainval,train
newfoundland_169,22,1,trainval,train
newfoundland_17,22,1,trainval,train
newfoundland_170,22,1,trainval,train
newfoundland_171,22,1,trainval,train
newfoundland_173,22,1,trainval,train
newfoundland_174,22,1,trainval,train
newfoundland_175,22,1,trainval,train
newfoundland_176,22,1,trainval,train
newfoundland_177,22,1,trainval,train
newfoundland_178,22,1,trainval,train
newfoundland_179,22,1,trainval,train
newfoundland_18,22,1,trainval,train
newfoundland_180,22,1,trainval,train
newfoundland_181,22,1,trainval,train
newfoundland_184,22,1,trainval,train
newfoundland_185,22,1,trainval,train
newfoundland_188,22,1,trainval,train
newfoundland_189,22,1,trainval,train
newfoundland_190,22,1,trainval,train
pomeranian_10,24,1,trainval,train
pomeranian_100,24,1,trainval,train
pomeranian_102,24,1,trainval,train
pomeranian_104,24,1,trainval,train
pomeranian_105,24,1,trainval,train
pomeranian_106,24,1,trainval,train
pomeranian_107,24,1,trainval,train
pomeranian_109,24,1,trainval,train
pomeranian_11,24,1,trainval,train
pomeranian_111,24,1,trainval,train
pomeranian_112,24,1,trainval,train
pomeranian_113,24,1,trainval,train
pomeranian_114,24,1,trainval,train
pomeranian_115,24,1,trainval,train
pomeranian_118,24,1,trainval,train
pomeranian_12,24,1,trainval,train
pomeranian_120,24,1,trainval,train
pomeranian_121,24,1,trainval,train
pomeranian_123,24,1,trainval,train
pomeranian_124,24,1,trainval,train
pomeranian_125,24,1,trainval,train
pomeranian_126,24,1,trainval,train
pomeranian_127,24,1,trainval,train
pomeranian_128,24,1,trainval,train
pomeranian_129,24,1,trainval,train
pomeranian_13,24,1,trainval,train
pomeranian_130,24,1,trainval,train
pomeranian_131,24,1,trainval,train
pomeranian_132,24,1,trainval,train
pomeranian_133,24,1,trainval,train
pomeranian_135,24,1,trainval,train
pomeranian_136,24,1,trainval,train
pomeranian_137,24,1,trainval,train
pomeranian_138,24,1,trainval,train
pomeranian_14,24,1,trainval,train
pomeranian_140,24,1,trainval,train
pomeranian_141,24,1,trainval,train
pomeranian_142,24,1,trainval,train
pomeranian_143,24,1,trainval,train
pomeranian_145,24,1,trainval,train
pomeranian_146,24,1,trainval,train
pomeranian_147,24,1,trainval,train
pomeranian_148,24,1,trainval,train
pomeranian_149,24,1,trainval,train
pomeranian_15,24,1,trainval,train
pomeranian_150,24,1,trainval,train
pomeranian_151,24,1,trainval,train
pomeranian_152,24,1,trainval,train
pomeranian_153,24,1,trainval,train
pomeranian_154,24,1,trainval,train
pomeranian_155,24,1,trainval,train
pomeranian_156,24,1,trainval,train
pomeranian_157,24,1,trainval,train
pomeranian_159,24,1,trainval,train
pomeranian_16,24,1,trainval,train
pomeranian_161,24,1,trainval,train
pomeranian_162,24,1,trainval,train
pomeranian_163,24,1,trainval,train
pomeranian_164,24,1,trainval,train
pomeranian_165,24,1,trainval,train
pomeranian_166,24,1,trainval,train
pomeranian_167,24,1,trainval,train
pomeranian_170,24,1,trainval,train
pomeranian_172,24,1,trainval,train
pomeranian_173,24,1,trainval,train
pomeranian_174,24,1,trainval,train
pomeranian_175,24,1,trainval,train
pomeranian_176,24,1,trainval,train
pomeranian_177,24,1,trainval,train
pomeranian_178,24,1,trainval,train
pomeranian_179,24,1,trainval,train
pomeranian_18,24,1,trainval,train
pomeranian_180,24,1,trainval,train
pomeranian_181,24,1,trainval,train
pomeranian_182,24,1,trainval,train
pomeranian_183,24,1,trainval,train
pomeranian_184,24,1,trainval,train
pomeranian_186,24,1,trainval,train
pomeranian_187,24,1,trainval,train
pomeranian_190,24,1,trainval,train
pug_10,25,1,trainval,train
pug_100,25,1,trainval,train
pug_101,25,1,trainval,train
pug_102,25,1,trainval,train
pug_103,25,1,trainval,train
pug_104,25,1,trainval,train
pug_106,25,1,trainval,train
pug_107,25,1,trainval,train
pug_108,25,1,trainval,train
pug_109,25,1,trainval,train
pug_11,25,1,trainval,train
pug_110,25,1,trainval,train
pug_111,25,1,trainval,train
pug_114,25,1,trainval,train
pug_115,25,1,trainval,train
pug_116,25,1,trainval,train
pug_117,25,1,trainval,train
pug_118,25,1,trainval,train
pug_120,25,1,trainval,train
pug_121,25,1,trainval,train
pug_122,25,1,trainval,train
pug_123,25,1,trainval,train
pug_124,25,1,trainval,train
pug_126,25,1,trainval,train
pug_128,25,1,trainval,train
pug_129,25,1,trainval,train
pug_130,25,1,trainval,train
pug_131,25,1,trainval,train
pug_132,25,1,trainval,train
pug_133,25,1,trainval,train
pug_134,25,1,trainval,train
pug_135,25,1,trainval,train
pug_136,25,1,trainval,train
pug_137,25,1,trainval,train
pug_138,25,1,trainval,train
pug_139,25,1,trainval,train
pug_14,25,1,trainval,train
pug_140,25,1,trainval,train
pug_141,25,1,trainval,train
pug_143,25,1,trainval,train
pug_145,25,1,trainval,train
pug_146,25,1,trainval,train
pug_147,25,1,trainval,train
pug_148,25,1,trainval,train
pug_15,25,1,trainval,train
pug_153,25,1,trainval,train
pug_154,25,1,trainval,train
pug_156,25,1,trainval,train
pug_157,25,1,trainval,train
pug_158,25,1,trainval,train
pug_159,25,1,trainval,train
pug_16,25,1,trainval,train
pug_161,25,1,trainval,train
pug_163,25,1,trainval,train
pug_164,25,1,trainval,train
pug_165,25,1,trainval,train
pug_167,25,1,trainval,train
pug_168,25,1,trainval,train
pug_169,25,1,trainval,train
pug_170,25,1,trainval,train
pug_172,25,1,trainval,train
pug_173,25,1,trainval,train
pug_175,25,1,trainval,train
pug_176,25,1,trainval,train
pug_177,25,1,trainval,train
pug_178,25,1,trainval,train
pug_179,25,1,trainval,train
pug_18,25,1,trainval,train
pug_180,25,1,trainval,train
pug_181,25,1,trainval,train
pug_182,25,1,trainval,train
pug_183,25,1,trainval,train
pug_184,25,1,trainval,train
pug_186,25,1,trainval,train
pug_187,25,1,trainval,train
pug_188,25,1,trainval,train
pug_189,25,1,trainval,train
pug_190,25,1,trainval,train
pug_191,25,1,trainval,train
pug_192,25,1,trainval,train
saint_bernard_100,28,1,trainval,train
saint_bernard_101,28,1,trainval,train
saint_bernard_102,28,1,trainval,train
saint_bernard_103,28,1,trainval,train
saint_bernard_104,28,1,trainval,train
saint_bernard_105,28,1,trainval,train
saint_bernard_106,28,1,trainval,train
saint_bernard_107,28,1,trainval,train
saint_bernard_108,28,1,trainval,train
saint_bernard_109,28,1,trainval,train
saint_bernard_111,28,1,trainval,train
saint_bernard_113,28,1,trainval,train
saint_bernard_114,28,1,trainval,train
saint_bernard_115,28,1,trainval,train
saint_bernard_116,28,1,trainval,train
saint_bernard_117,28,1,trainval,train
saint_bernard_118,28,1,trainval,train
saint_bernard_119,28,1,trainval,train
saint_bernard_12,28,1,trainval,train
saint_bernard_120,28,1,trainval,train
saint_bernard_121,28,1,trainval,train
saint_bernard_122,28,1,trainval,train
saint_bernard_124,28,1,trainval,train
saint_bernard_126,28,1,trainval,train
saint_bernard_127,28,1,trainval,train
saint_bernard_128,28,1,trainval,train
saint_bernard_129,28,1,trainval,train
saint_bernard_13,28,1,trainval,train
saint_bernard_131,28,1,trainval,train
saint_bernard_132,28,1,trainval,train
saint_bernard_134,28,1,trainval,train
saint_bernard_136,28,1,trainval,train
saint_bernard_138,28,1,trainval,train
saint_bernard_139,28,1,trainval,train
saint_bernard_14,28,1,trainval,train
saint_bernard_140,28,1,trainval,train
saint_bernard_141,28,1,trainval,train
saint_bernard_142,28,1,trainval,train
saint_bernard_144,28,1,trainval,train
saint_bernard_145,28,1,trainval,train
saint_bernard_146,28,1,trainval,train
saint_bernard_147,28,1,trainval,train
saint_bernard_148,28,1,trainval,train
saint_bernard_149,28,1,trainval,train
saint_bernard_15,28,1,trainval,train
saint_bernard_150,28,1,trainval,train
saint_bernard_151,28,1,trainval,train
saint_bernard_152,28,1,trainval,train
saint_bernard_153,28,1,trainval,train
saint_bernard_154,28,1,trainval,train
saint_bernard_156,28,1,trainval,train
saint_bernard_157,28,1,trainval,train
saint_bernard_158,28,1,trainval,train
saint_bernard_159,28,1,trainval,train
saint_bernard_161,28,1,trainval,train
saint_bernard_163,28,1,trainval,train
saint_bernard_164,28,1,trainval,train
saint_bernard_165,28,1,trainval,train
saint_bernard_166,28,1,trainval,train
saint_bernard_167,28,1,trainval,train
saint_bernard_168,28,1,trainval,train
saint_bernard_169,28,1,trainval,train
saint_bernard_17,28,1,trainval,train
saint_bernard_170,28,1,trainval,train
saint_bernard_171,28,1,trainval,train
saint_bernard_174,28,1,trainval,train
saint_bernard_175,28,1,trainval,train
saint_bernard_176,28,1,trainval,train
saint_bernard_177,28,1,trainval,train
saint_bernard_178,28,1,trainval,train
saint_bernard_179,28,1,trainval,train
saint_bernard_18,28,1,trainval,train
saint_bernard_180,28,1,trainval,train
saint_bernard_181,28,1,trainval,train
saint_bernard_182,28,1,trainval,train
saint_bernard_183,28,1,trainval,train
saint_bernard_185,28,1,trainval,train
saint_bernard_186,28,1,trainval,train
saint_bernard_187,28,1,trainval,train
saint_bernard_189,28,1,trainval,train
samoyed_10,29,1,trainval,train
samoyed_102,29,1,trainval,train
samoyed_103,29,1,trainval,train
samoyed_104,29,1,trainval,train
samoyed_105,29,1,trainval,train
samoyed_106,29,1,trainval,train
samoyed_107,29,1,trainval,train
samoyed_108,29,1,trainval,train
samoyed_109,29,1,trainval,train
samoyed_110,29,1,trainval,train
samoyed_113,29,1,trainval,train
samoyed_114,29,1,trainval,train
samoyed_115,29,1,trainval,train
samoyed_116,29,1,trainval,train
samoyed_117,29,1,trainval,train
samoyed_119,29,1,trainval,train
samoyed_12,29,1,trainval,train
samoyed_120,29,1,trainval,train
samoyed_121,29,1,trainval,train
samoyed_122,29,1,trainval,train
samoyed_124,29,1,trainval,train
samoyed_125,29,1,trainval,train
samoyed_126,29,1,trainval,train
samoyed_127,29,1,trainval,train
samoyed_128,29,1,trainval,train
samoyed_129,29,1,trainval,train
samoyed_13,29,1,trainval,train
samoyed_130,29,1,trainval,train
samoyed_131,29,1,trainval,train
samoyed_133,29,1,trainval,train
samoyed_134,29,1,trainval,train
samoyed_135,29,1,trainval,train
samoyed_136,29,1,trainval,train
samoyed_137,29,1,trainval,train
samoyed_138,29,1,trainval,train
samoyed_139,29,1,trainval,train
samoyed_14,29,1,trainval,train
samoyed_140,29,1,trainval,train
samoyed_141,29,1,trainval,train
samoyed_143,29,1,trainval,train
samoyed_144,29,1,trainval,train
samoyed_146,29,1,trainval,train
samoyed_147,29,1,trainval,train
samoyed_148,29,1,trainval,train
samoyed_149,29,1,trainval,train
samoyed_15,29,1,trainval,train
samoyed_150,29,1,trainval,train
samoyed_151,29,1,trainval,train
samoyed_152,29,1,trainval,train
samoyed_153,29,1,trainval,train
samoyed_154,29,1,trainval,train
samoyed_156,29,1,trainval,train
samoyed_157,29,1,trainval,train
samoyed_158,29,1,trainval,train
samoyed_159,29,1,trainval,train
samoyed_16,29,1,trainval,train
samoyed_160,29,1,trainval,train
samoyed_161,29,1,trainval,train
samoyed_163,29,1,trainval,train
samoyed_165,29,1,trainval,train
samoyed_166,29,1,trainval,train
samoyed_170,29,1,trainval,train
samoyed_171,29,1,trainval,train
samoyed_172,29,1,trainval,train
samoyed_173,29,1,trainval,train
samoyed_174,29,1,trainval,train
samoyed_175,29,1,trainval,train
samoyed_176,29,1,trainval,train
samoyed_177,29,1,trainval,train
samoyed_178,29,1,trainval,train
samoyed_179,29,1,trainval,train
samoyed_18,29,1,trainval,train
samoyed_180,29,1,trainval,train
samoyed_183,29,1,trainval,train
samoyed_184,29,1,trainval,train
samoyed_185,29,1,trainval,train
samoyed_186,29,1,trainval,train
samoyed_188,29,1,trainval,train
samoyed_189,29,1,trainval,train
samoyed_190,29,1,trainval,train
scottish_terrier_100,30,1,trainval,train
scottish_terrier_101,30,1,trainval,train
scottish_terrier_102,30,1,trainval,train
scottish_terrier_104,30,1,trainval,train
scottish_terrier_105,30,1,trainval,train
scottish_terrier_106,30,1,trainval,train
scottish_terrier_107,30,1,trainval,train
scottish_terrier_108,30,1,trainval,train
scottish_terrier_109,30,1,trainval,train
scottish_terrier_11,30,1,trainval,train
scottish_terrier_112,30,1,trainval,train
scottish_terrier_113,30,1,trainval,train
scottish_terrier_114,30,1,trainval,train
scottish_terrier_116,30,1,trainval,train
scottish_terrier_117,30,1,trainval,train
scottish_terrier_12,30,1,trainval,train
scottish_terrier_120,30,1,trainval,train
scottish_terrier_121,30,1,trainval,train
scottish_terrier_122,30,1,trainval,train
scottish_terrier_123,30,1,trainval,train
scottish_terrier_124,30,1,trainval,train
scottish_terrier_127,30,1,trainval,train
scottish_terrier_128,30,1,trainval,train
scottish_terrier_129,30,1,trainval,train
scottish_terrier_13,30,1,trainval,train
scottish_terrier_131,30,1,trainval,train
scottish_terrier_132,30,1,trainval,train
scottish_terrier_133,30,1,trainval,train
scottish_terrier_134,30,1,trainval,train
scottish_terrier_135,30,1,trainval,train
scottish_terrier_136,30,1,trainval,train
scottish_terrier_137,30,1,trainval,train
scottish_terrier_139,30,1,trainval,train
scottish_terrier_14,30,1,trainval,train
scottish_terrier_140,30,1,trainval,train
scottish_terrier_143,30,1,trainval,train
scottish_terrier_144,30,1,trainval,train
scottish_terrier_145,30,1,trainval,train
scottish_terrier_146,30,1,trainval,train
scottish_terrier_147,30,1,trainval,train
scottish_terrier_148,30,1,trainval,train
scottish_terrier_149,30,1,trainval,train
scottish_terrier_150,30,1,trainval,train
scottish_terrier_151,30,1,trainval,train
scottish_terrier_152,30,1,trainval,train
scottish_terrier_153,30,1,trainval,train
scottish_terrier_156,30,1,trainval,train
scottish_terrier_157,30,1,trainval,train
scottish_terrier_159,30,1,trainval,train
scottish_terrier_16,30,1,trainval,train
scottish_terrier_161,30,1,trainval,train
scottish_terrier_162,30,1,trainval,train
scottish_terrier_163,30,1,trainval,train
scottish_terrier_164,30,1,trainval,train
scottish_terrier_165,30,1,trainval,train
scottish_terrier_166,30,1,trainval,train
scottish_terrier_167,30,1,trainval,train
scottish_terrier_169,30,1,trainval,train
scottish_terrier_17,30,1,trainval,train
scottish_terrier_170,30,1,trainval,train
scottish_terrier_171,30,1,trainval,train
scottish_terrier_172,30,1,trainval,train
scottish_terrier_173,30,1,trainval,train
scottish_terrier_174,30,1,trainval,train
scottish_terrier_175,30,1,trainval,train
scottish_terrier_176,30,1,trainval,train
scottish_terrier_177,30,1,trainval,train
scottish_terrier_179,30,1,trainval,train
scottish_terrier_18,30,1,trainval,train
scottish_terrier_180,30,1,trainval,train
scottish_terrier_181,30,1,trainval,train
scottish_terrier_182,30,1,trainval,train
scottish_terrier_183,30,1,trainval,train
scottish_terrier_184,30,1,trainval,train
scottish_terrier_185,30,1,trainval,train
scottish_terrier_186,30,1,trainval,train
scottish_terrier_187,30,1,trainval,train
scottish_terrier_188,30,1,trainval,train
scottish_terrier_189,30,1,trainval,train
scottish_terrier_190,30,1,trainval,train
shiba_inu_10,31,1,trainval,train
shiba_inu_101,31,1,trainval,train
shiba_inu_102,31,1,trainval,train
shiba_inu_104,31,1,trainval,train
shiba_inu_105,31,1,trainval,train
shiba_inu_106,31,1,trainval,train
shiba_inu_107,31,1,trainval,train
shiba_inu_108,31,1,trainval,train
shiba_inu_109,31,1,trainval,train
shiba_inu_111,31,1,trainval,train
shiba_inu_112,31,1,trainval,train
shiba_inu_113,31,1,trainval,train
shiba_inu_115,31,1,trainval,train
shiba_inu_116,31,1,trainval,train
shiba_inu_118,31,1,trainval,train
shiba_inu_12,31,1,trainval,train
shiba_inu_120,31,1,trainval,train
shiba_inu_121,31,1,trainval,train
shiba_inu_122,31,1,trainval,train
shiba_inu_123,31,1,trainval,train
shiba_inu_124,31,1,trainval,train
shiba_inu_125,31,1,trainval,train
shiba_inu_126,31,1,trainval,train
shiba_inu_129,31,1,trainval,train
shiba_inu_13,31,1,trainval,train
shiba_inu_130,31,1,trainval,train
shiba_inu_131,31,1,trainval,train
shiba_inu_132,31,1,trainval,train
shiba_inu_133,31,1,trainval,train
shiba_inu_134,31,1,trainval,train
shiba_inu_135,31,1,trainval,train
shiba_inu_136,31,1,trainval,train
shiba_inu_139,31,1,trainval,train
shiba_inu_140,31,1,trainval,train
shiba_inu_141,31,1,trainval,train
shiba_inu_142,31,1,trainval,train
shiba_inu_143,31,1,trainval,train
shiba_inu_144,31,1,trainval,train
shiba_inu_145,31,1,trainval,train
shiba_inu_146,31,1,trainval,train
shiba_inu_147,31,1,trainval,train
shiba_inu_15,31,1,trainval,train
shiba_inu_150,31,1,trainval,train
shiba_inu_152,31,1,trainval,train
shiba_inu_153,31,1,trainval,train
shiba_inu_155,31,1,trainval,train
shiba_inu_156,31,1,trainval,train
shiba_inu_158,31,1,trainval,train
shiba_inu_159,31,1,trainval,train
shiba_inu_16,31,1,trainval,train
shiba_inu_160,31,1,trainval,train
shiba_inu_161,31,1,trainval,train
shiba_inu_162,31,1,trainval,train
shiba_inu_163,31,1,trainval,train
shiba_inu_164,31,1,trainval,train
shiba_inu_165,31,1,trainval,train
shiba_inu_166,31,1,trainval,train
shiba_inu_168,31,1,trainval,train
shiba_inu_170,31,1,trainval,train
shiba_inu_171,31,1,trainval,train
shiba_inu_173,31,1,trainval,train
shiba_inu_174,31,1,trainval,train
shiba_inu_175,31,1,trainval,train
shiba_inu_176,31,1,trainval,train
shiba_inu_177,31,1,trainval,train
shiba_inu_178,31,1,trainval,train
shiba_inu_179,31,1,trainval,train
shiba_inu_180,31,1,trainval,train
shiba_inu_182,31,1,trainval,train
shiba_inu_183,31,1,trainval,train
shiba_inu_185,31,1,trainval,train
shiba_inu_186,31,1,trainval,train
shiba_inu_187,31,1,trainval,train
shiba_inu_189,31,1,trainval,train
shiba_inu_19,31,1,trainval,train
shiba_inu_190,31,1,trainval,train
shiba_inu_191,31,1,trainval,train
shiba_inu_193,31,1,trainval,train
shiba_inu_195,31,1,trainval,train
shiba_inu_196,31,1,trainval,train
staffordshire_bull_terrier_1,34,1,trainval,train
staffordshire_bull_terrier_101,34,1,trainval,train
staffordshire_bull_terrier_102,34,1,trainval,train
staffordshire_bull_terrier_103,34,1,trainval,train
staffordshire_bull_terrier_104,34,1,trainval,train
staffordshire_bull_terrier_105,34,1,trainval,train
staffordshire_bull_terrier_106,34,1,trainval,train
staffordshire_bull_terrier_11,34,1,trainval,train
staffordshire_bull_terrier_110,34,1,trainval,train
staffordshire_bull_terrier_111,34,1,trainval,train
staffordshire_bull_terrier_112,34,1,trainval,train
staffordshire_bull_terrier_113,34,1,trainval,train
staffordshire_bull_terrier_114,34,1,trainval,train
staffordshire_bull_terrier_115,34,1,trainval,train
staffordshire_bull_terrier_117,34,1,trainval,train
staffordshire_bull_terrier_118,34,1,trainval,train
staffordshire_bull_terrier_119,34,1,trainval,train
staffordshire_bull_terrier_12,34,1,trainval,train
staffordshire_bull_terrier_120,34,1,trainval,train
staffordshire_bull_terrier_122,34,1,trainval,train
staffordshire_bull_terrier_123,34,1,trainval,train
staffordshire_bull_terrier_124,34,1,trainval,train
staffordshire_bull_terrier_125,34,1,trainval,train
staffordshire_bull_terrier_126,34,1,trainval,train
staffordshire_bull_terrier_128,34,1,trainval,train
staffordshire_bull_terrier_129,34,1,trainval,train
staffordshire_bull_terrier_130,34,1,trainval,train
staffordshire_bull_terrier_131,34,1,trainval,train
staffordshire_bull_terrier_132,34,1,trainval,train
staffordshire_bull_terrier_133,34,1,trainval,train
staffordshire_bull_terrier_134,34,1,trainval,train
staffordshire_bull_terrier_135,34,1,trainval,train
staffordshire_bull_terrier_136,34,1,trainval,train
staffordshire_bull_terrier_137,34,1,trainval,train
staffordshire_bull_terrier_138,34,1,trainval,train
staffordshire_bull_terrier_139,34,1,trainval,train
staffordshire_bull_terrier_14,34,1,trainval,train
staffordshire_bull_terrier_140,34,1,trainval,train
staffordshire_bull_terrier_143,34,1,trainval,train
staffordshire_bull_terrier_144,34,1,trainval,train
staffordshire_bull_terrier_149,34,1,trainval,train
staffordshire_bull_terrier_150,34,1,trainval,train
staffordshire_bull_terrier_151,34,1,trainval,train
staffordshire_bull_terrier_152,34,1,trainval,train
staffordshire_bull_terrier_154,34,1,trainval,train
staffordshire_bull_terrier_155,34,1,trainval,train
staffordshire_bull_terrier_156,34,1,trainval,train
staffordshire_bull_terrier_158,34,1,trainval,train
staffordshire_bull_terrier_159,34,1,trainval,train
staffordshire_bull_terrier_16,34,1,trainval,train
staffordshire_bull_terrier_160,34,1,trainval,train
staffordshire_bull_terrier_162,34,1,trainval,train
staffordshire_bull_terrier_163,34,1,trainval,train
staffordshire_bull_terrier_166,34,1,trainval,train
staffordshire_bull_terrier_167,34,1,trainval,train
staffordshire_bull_terrier_168,34,1,trainval,train
staffordshire_bull_terrier_169,34,1,trainval,train
staffordshire_bull_terrier_170,34,1,trainval,train
staffordshire_bull_terrier_172,34,1,trainval,train
staffordshire_bull_terrier_174,34,1,trainval,train
staffordshire_bull_terrier_175,34,1,trainval,train
staffordshire_bull_terrier_176,34,1,trainval,train
staffordshire_bull_terrier_179,34,1,trainval,train
staffordshire_bull_terrier_18,34,1,trainval,train
staffordshire_bull_terrier_180,34,1,trainval,train
staffordshire_bull_terrier_181,34,1,trainval,train
staffordshire_bull_terrier_183,34,1,trainval,train
staffordshire_bull_terrier_184,34,1,trainval,train
staffordshire_bull_terrier_185,34,1,trainval,train
staffordshire_bull_terrier_186,34,1,trainval,train
staffordshire_bull_terrier_188,34,1,trainval,train
staffordshire_bull_terrier_189,34,1,trainval,train
staffordshire_bull_terrier_19,34,1,trainval,train
staffordshire_bull_terrier_190,34,1,trainval,train
staffordshire_bull_terrier_192,34,1,trainval,train
staffordshire_bull_terrier_195,34,1,trainval,train
staffordshire_bull_terrier_196,34,1,trainval,train
staffordshire_bull_terrier_197,34,1,trainval,train
staffordshire_bull_terrier_198,34,1,trainval,train
staffordshire_bull_terrier_199,34,1,trainval,train
wheaten_terrier_10,35,1,trainval,train
wheaten_terrier_102,35,1,trainval,train
wheaten_terrier_103,35,1,trainval,train
wheaten_terrier_104,35,1,trainval,train
wheaten_terrier_105,35,1,trainval,train
wheaten_terrier_106,35,1,trainval,train
wheaten_terrier_107,35,1,trainval,train
wheaten_terrier_108,35,1,trainval,train
wheaten_terrier_109,35,1,trainval,train
wheaten_terrier_110,35,1,trainval,train
wheaten_terrier_111,35,1,trainval,train
wheaten_terrier_112,35,1,trainval,train
wheaten_terrier_113,35,1,trainval,train
wheaten_terrier_114,35,1,trainval,train
wheaten_terrier_115,35,1,trainval,train
wheaten_terrier_116,35,1,trainval,train
wheaten_terrier_117,35,1,trainval,train
wheaten_terrier_118,35,1,trainval,train
wheaten_terrier_119,35,1,trainval,train
wheaten_terrier_12,35,1,trainval,train
wheaten_terrier_120,35,1,trainval,train
wheaten_terrier_121,35,1,trainval,train
wheaten_terrier_122,35,1,trainval,train
wheaten_terrier_123,35,1,trainval,train
wheaten_terrier_124,35,1,trainval,train
wheaten_terrier_125,35,1,trainval,train
wheaten_terrier_128,35,1,trainval,train
wheaten_terrier_129,35,1,trainval,train
wheaten_terrier_13,35,1,trainval,train
wheaten_terrier_130,35,1,trainval,train
wheaten_terrier_131,35,1,trainval,train
wheaten_terrier_132,35,1,trainval,train
wheaten_terrier_133,35,1,trainval,train
wheaten_terrier_134,35,1,trainval,train
wheaten_terrier_135,35,1,trainval,train
wheaten_terrier_136,35,1,trainval,train
wheaten_terrier_138,35,1,trainval,train
wheaten_terrier_139,35,1,trainval,train
wheaten_terrier_14,35,1,trainval,train
wheaten_terrier_140,35,1,trainval,train
wheaten_terrier_141,35,1,trainval,train
wheaten_terrier_142,35,1,trainval,train
wheaten_terrier_143,35,1,trainval,train
wheaten_terrier_144,35,1,trainval,train
wheaten_terrier_145,35,1,trainval,train
wheaten_terrier_146,35,1,trainval,train
wheaten_terrier_148,35,1,trainval,train
wheaten_terrier_149,35,1,trainval,train
wheaten_terrier_15,35,1,trainval,train
wheaten_terrier_150,35,1,trainval,train
wheaten_terrier_151,35,1,trainval,train
wheaten_terrier_152,35,1,trainval,train
wheaten_terrier_153,35,1,trainval,train
wheaten_terrier_154,35,1,trainval,train
wheaten_terrier_157,35,1,trainval,train
wheaten_terrier_158,35,1,trainval,train
wheaten_terrier_16,35,1,trainval,train
wheaten_terrier_161,35,1,trainval,train
wheaten_terrier_162,35,1,trainval,train
wheaten_terrier_164,35,1,trainval,train
wheaten_terrier_166,35,1,trainval,train
wheaten_terrier_167,35,1,trainval,train
wheaten_terrier_168,35,1,trainval,train
wheaten_terrier_169,35,1,trainval,train
wheaten_terrier_17,35,1,trainval,train
wheaten_terrier_170,35,1,trainval,train
wheaten_terrier_171,35,1,trainval,train
wheaten_terrier_172,35,1,trainval,train
wheaten_terrier_173,35,1,trainval,train
wheaten_terrier_174,35,1,trainval,train
wheaten_terrier_175,35,1,trainval,train
wheaten_terrier_176,35,1,trainval,train
wheaten_terrier_177,35,1,trainval,train
wheaten_terrier_179,35,1,trainval,train
wheaten_terrier_18,35,1,trainval,train
wheaten_terrier_182,35,1,trainval,train
wheaten_terrier_183,35,1,trainval,train
wheaten_terrier_184,35,1,trainval,train
wheaten_terrier_186,35,1,trainval,train
wheaten_terrier_187,35,1,trainval,train
yorkshire_terrier_10,36,1,trainval,train
yorkshire_terrier_100,36,1,trainval,train
yorkshire_terrier_101,36,1,trainval,train
yorkshire_terrier_102,36,1,trainval,train
yorkshire_terrier_105,36,1,trainval,train
yorkshire_terrier_106,36,1,trainval,train
yorkshire_terrier_107,36,1,trainval,train
yorkshire_terrier_108,36,1,trainval,train
yorkshire_terrier_109,36,1,trainval,train
yorkshire_terrier_110,36,1,trainval,train
yorkshire_terrier_111,36,1,trainval,train
yorkshire_terrier_112,36,1,trainval,train
yorkshire_terrier_114,36,1,trainval,train
yorkshire_terrier_116,36,1,trainval,train
yorkshire_terrier_117,36,1,trainval,train
yorkshire_terrier_118,36,1,trainval,train
yorkshire_terrier_119,36,1,trainval,train
yorkshire_terrier_120,36,1,trainval,train
yorkshire_terrier_121,36,1,trainval,train
yorkshire_terrier_122,36,1,trainval,train
yorkshire_terrier_123,36,1,trainval,train
yorkshire_terrier_124,36,1,trainval,train
yorkshire_terrier_125,36,1,trainval,train
yorkshire_terrier_126,36,1,trainval,train
yorkshire_terrier_127,36,1,trainval,train
yorkshire_terrier_128,36,1,trainval,train
yorkshire_terrier_129,36,1,trainval,train
yorkshire_terrier_13,36,1,trainval,train
yorkshire_terrier_130,36,1,trainval,train
yorkshire_terrier_131,36,1,trainval,train
yorkshire_terrier_132,36,1,trainval,train
yorkshire_terrier_134,36,1,trainval,train
yorkshire_terrier_135,36,1,trainval,train
yorkshire_terrier_136,36,1,trainval,train
yorkshire_terrier_137,36,1,trainval,train
yorkshire_terrier_138,36,1,trainval,train
yorkshire_terrier_139,36,1,trainval,train
yorkshire_terrier_14,36,1,trainval,train
yorkshire_terrier_141,36,1,trainval,train
yorkshire_terrier_142,36,1,trainval,train
yorkshire_terrier_143,36,1,trainval,train
yorkshire_terrier_144,36,1,trainval,train
yorkshire_terrier_145,36,1,trainval,train
yorkshire_terrier_146,36,1,trainval,train
yorkshire_terrier_148,36,1,trainval,train
yorkshire_terrier_149,36,1,trainval,train
yorkshire_terrier_15,36,1,trainval,train
yorkshire_terrier_150,36,1,trainval,train
yorkshire_terrier_151,36,1,trainval,train
yorkshire_terrier_153,36,1,trainval,train
yorkshire_terrier_155,36,1,trainval,train
yorkshire_terrier_156,36,1,trainval,train
yorkshire_terrier_158,36,1,trainval,train
yorkshire_terrier_159,36,1,trainval,train
yorkshire_terrier_16,36,1,trainval,train
yorkshire_terrier_160,36,1,trainval,train
yorkshire_terrier_161,36,1,trainval,train
yorkshire_terrier_164,36,1,trainval,train
yorkshire_terrier_165,36,1,trainval,train
yorkshire_terrier_166,36,1,trainval,train
yorkshire_terrier_167,36,1,trainval,train
yorkshire_terrier_168,36,1,trainval,train
yorkshire_terrier_17,36,1,trainval,train
yorkshire_terrier_170,36,1,trainval,train
yorkshire_terrier_171,36,1,trainval,train
yorkshire_terrier_173,36,1,trainval,train
yorkshire_terrier_174,36,1,trainval,train
yorkshire_terrier_175,36,1,trainval,train
yorkshire_terrier_176,36,1,trainval,train
yorkshire_terrier_177,36,1,trainval,train
yorkshire_terrier_179,36,1,trainval,train
yorkshire_terrier_18,36,1,trainval,train
yorkshire_terrier_181,36,1,trainval,train
yorkshire_terrier_182,36,1,trainval,train
yorkshire_terrier_183,36,1,trainval,train
yorkshire_terrier_184,36,1,trainval,train
yorkshire_terrier_185,36,1,trainval,train
yorkshire_terrier_186,36,1,trainval,train
yorkshire_terrier_187,36,1,trainval,train
yorkshire_terrier_188,36,1,trainval,train
